Episode,Pieces,WallHits,Reward,FixedUpdateCount
1,0,3,-0.6,1000
2,0,1,-0.2,2000
3,0,0,0,3000
4,0,4,-0.8,4000
5,0,3,-0.6,5000
6,0,0,0,6000
7,0,10,-2,7000
8,0,0,0,8000
9,0,6,-1.2,9000
10,0,0,0,10000
11,0,0,0,11000
12,-1,3,-1.6,12000
13,0,0,0,13000
14,0,0,0,14000
15,0,0,0,15000
16,0,0,0,16000
17,0,6,-1.2,17000
18,0,0,0,18000
19,0,1,-0.2,19000
20,0,2,-0.4,20000
21,0,2,-0.4,21000
22,0,0,0,22000
23,0,0,0,23000
24,0,0,0,24000
25,-1,8,-2.6,25000
26,0,2,-0.4,26000
27,0,1,-0.2,27000
28,0,4,-0.8,28000
29,0,4,-0.8,29000
30,0,3,-0.6,30000
31,0,4,-0.8,31000
32,0,3,-0.6,32000
33,0,0,0,33000
34,0,0,0,34000
35,0,0,0,35000
36,0,2,-0.4,36000
37,0,0,0,37000
38,0,6,-1.2,38000
39,0,0,0,39000
40,0,0,0,40000
41,0,3,-0.6,41000
42,0,0,0,42000
43,0,0,0,43000
44,0,1,-0.2,44000
45,0,0,0,45000
46,0,1,-0.2,46000
47,0,2,-0.4,47000
48,0,1,-0.2,48000
49,0,0,0,49000
50,0,3,-0.6,50000
51,0,9,-1.8,51000
52,-1,3,-1.6,52000
53,0,1,-0.2,53000
54,0,0,0,54000
55,0,0,0,55000
56,0,15,-3,56000
57,0,6,-1.2,57000
58,0,1,-0.2,58000
59,0,7,-1.4,59000
60,0,1,-0.2,60000
61,0,18,-3.6,61000
62,-1,9,-2.8,62000
63,0,3,-0.6,63000
64,0,3,-0.6,64000
65,0,0,0,65000
66,0,4,-0.8,66000
67,0,0,0,67000
68,0,3,-0.6,68000
69,0,0,0,69000
70,0,0,0,70000
71,0,5,-1,71000
72,0,5,-1,72000
73,0,7,-1.4,73000
74,0,0,0,74000
75,0,1,-0.2,75000
76,0,0,0,76000
77,0,0,0,77000
78,0,5,-1,78000
79,0,1,-0.2,79000
80,0,1,-0.2,80000
81,0,4,-0.8,81000
82,0,2,-0.4,82000
83,0,0,0,83000
84,-1,2,-1.4,84000
85,0,0,0,85000
86,0,0,0,86000
87,-1,6,-2.2,87000
88,0,0,0,88000
89,-1,11,-3.2,89000
90,0,12,-2.4,90000
91,0,1,-0.2,91000
92,0,0,0,92000
93,0,0,0,93000
94,0,0,0,94000
95,0,0,0,95000
96,0,0,0,96000
97,0,3,-0.6,97000
98,0,0,0,98000
99,0,5,-1,99000
100,0,1,-0.2,100000
101,0,7,-1.4,101000
102,0,0,0,102000
103,0,6,-1.2,103000
104,0,7,-1.4,104000
105,0,0,0,105000
106,0,0,0,106000
107,0,8,-1.6,107000
108,0,8,-1.6,108000
109,0,1,-0.2,109000
110,0,4,-0.8,110000
111,0,2,-0.4,111000
112,0,5,-1,112000
113,0,0,0,113000
114,0,8,-1.6,114000
115,0,10,-2,115000
116,0,0,0,116000
117,0,7,-1.4,117000
118,0,3,-0.6,118000
119,0,5,-1,119000
120,0,4,-0.8,120000
121,0,2,-0.4,121000
122,0,10,-2,122000
123,0,0,0,123000
124,0,0,0,124000
125,0,1,-0.2,125000
126,0,13,-2.6,126000
127,0,3,-0.6,127000
128,0,1,-0.2,128000
129,0,0,0,129000
130,0,0,0,130000
131,0,3,-0.6,131000
132,0,4,-0.8,132000
133,0,9,-1.8,133000
134,0,7,-1.4,134000
135,0,3,-0.6,135000
136,0,0,0,136000
137,-1,9,-2.8,137000
138,0,7,-1.4,138000
139,0,6,-1.2,139000
140,0,7,-1.4,140000
141,0,11,-2.2,141000
142,0,0,0,142000
143,0,0,0,143000
144,0,7,-1.4,144000
145,0,2,-0.4,145000
146,0,6,-1.2,146000
147,0,0,0,147000
148,0,13,-2.6,148000
149,0,6,-1.2,149000
150,0,5,-1,150000
151,0,3,-0.6,151000
152,0,0,0,152000
153,0,2,-0.4,153000
154,0,0,0,154000
155,0,3,-0.6,155000
156,0,4,-0.8,156000
157,0,0,0,157000
158,0,10,-2,158000
159,0,1,-0.2,159000
160,0,2,-0.4,160000
161,0,0,0,161000
162,0,1,-0.2,162000
163,0,0,0,163000
164,0,6,-1.2,164000
165,0,2,-0.4,165000
166,0,0,0,166000
167,0,24,-4.8,167000
168,0,0,0,168000
169,0,0,0,169000
170,0,0,0,170000
171,0,0,0,171000
172,0,0,0,172000
173,0,6,-1.2,173000
174,0,0,0,174000
175,0,0,0,175000
176,0,3,-0.6,176000
177,0,11,-2.2,177000
178,0,12,-2.4,178000
179,0,3,-0.6,179000
180,0,3,-0.6,180000
181,0,0,0,181000
182,0,6,-1.2,182000
183,0,4,-0.8,183000
184,-1,6,-2.2,184000
185,0,1,-0.2,185000
186,0,0,0,186000
187,0,7,-1.4,187000
188,0,0,0,188000
189,0,16,-3.2,189000
190,0,5,-1,190000
191,0,1,-0.2,191000
192,0,0,0,192000
193,0,0,0,193000
194,-1,4,-1.8,194000
195,0,0,0,195000
196,0,0,0,196000
197,0,0,0,197000
198,0,0,0,198000
199,0,5,-1,199000
200,0,0,0,200000
201,0,7,-1.4,201000
202,0,0,0,202000
203,0,0,0,203000
204,0,1,-0.2,204000
205,0,0,0,205000
206,0,3,-0.6,206000
207,-1,6,-2.2,207000
208,-1,10,-3,208000
209,-1,1,-1.2,209000
210,0,0,0,210000
211,0,7,-1.4,211000
212,0,0,0,212000
213,0,4,-0.8,213000
214,0,1,-0.2,214000
215,0,9,-1.8,215000
216,0,0,0,216000
217,0,0,0,217000
218,0,0,0,218000
219,0,5,-1,219000
220,0,10,-2,220000
221,0,1,-0.2,221000
222,0,3,-0.6,222000
223,0,0,0,223000
224,0,0,0,224000
225,0,11,-2.2,225000
226,0,8,-1.6,226000
227,-1,5,-2,227000
228,-1,18,-4.6,228000
229,0,0,0,229000
230,0,8,-1.6,230000
231,0,4,-0.8,231000
232,0,3,-0.6,232000
233,0,0,0,233000
234,0,2,-0.4,234000
235,0,0,0,235000
236,0,3,-0.6,236000
237,0,0,0,237000
238,0,0,0,238000
239,0,6,-1.2,239000
240,0,9,-1.8,240000
241,0,0,0,241000
242,0,0,0,242000
243,0,10,-2,243000
244,0,0,0,244000
245,0,0,0,245000
246,0,0,0,246000
247,0,0,0,247000
248,0,0,0,248000
249,0,0,0,249000
250,0,1,-0.2,250000
251,0,0,0,251000
252,0,7,-1.4,252000
253,0,0,0,253000
254,0,17,-3.4,254000
255,0,0,0,255000
256,0,2,-0.4,256000
257,0,7,-1.4,257000
258,0,16,-3.2,258000
259,0,0,0,259000
260,0,0,0,260000
261,0,5,-1,261000
262,-1,12,-3.4,262000
263,0,5,-1,263000
264,0,0,0,264000
265,0,0,0,265000
266,0,2,-0.4,266000
267,0,5,-1,267000
268,0,20,-4,268000
269,0,0,0,269000
270,0,0,0,270000
271,0,0,0,271000
272,0,4,-0.8,272000
273,0,0,0,273000
274,0,3,-0.6,274000
275,0,0,0,275000
276,0,0,0,276000
277,0,0,0,277000
278,0,2,-0.4,278000
279,0,0,0,279000
280,0,0,0,280000
281,0,2,-0.4,281000
282,0,0,0,282000
283,0,5,-1,283000
284,0,2,-0.4,284000
285,0,0,0,285000
286,0,0,0,286000
287,0,7,-1.4,287000
288,0,1,-0.2,288000
289,0,3,-0.6,289000
290,0,8,-1.6,290000
291,0,0,0,291000
292,0,0,0,292000
293,0,0,0,293000
294,0,1,-0.2,294000
295,0,17,-3.4,295000
296,0,1,-0.2,296000
297,0,0,0,297000
298,-1,8,-2.6,298000
299,0,0,0,299000
300,0,0,0,300000
301,0,5,-1,301000
302,0,2,-0.4,302000
303,0,7,-1.4,303000
304,0,7,-1.4,304000
305,-1,5,-2,305000
306,0,0,0,306000
307,0,0,0,307000
308,0,4,-0.8,308000
309,0,0,0,309000
310,0,0,0,310000
311,0,0,0,311000
312,0,6,-1.2,312000
313,-1,3,-1.6,313000
314,0,5,-1,314000
315,0,2,-0.4,315000
316,0,1,-0.2,316000
317,0,6,-1.2,317000
318,0,1,-0.2,318000
319,0,0,0,319000
320,0,2,-0.4,320000
321,0,2,-0.4,321000
322,0,0,0,322000
323,0,0,0,323000
324,0,2,-0.4,324000
325,0,0,0,325000
326,0,0,0,326000
327,0,0,0,327000
328,0,0,0,328000
329,0,0,0,329000
330,0,0,0,330000
331,0,11,-2.2,331000
332,0,0,0,332000
333,0,14,-2.8,333000
334,0,11,-2.2,334000
335,0,0,0,335000
336,-1,10,-3,336000
337,0,1,-0.2,337000
338,0,0,0,338000
339,0,0,0,339000
340,0,0,0,340000
341,0,1,-0.2,341000
342,0,0,0,342000
343,0,0,0,343000
344,0,0,0,344000
345,0,1,-0.2,345000
346,0,2,-0.4,346000
347,0,2,-0.4,347000
348,0,0,0,348000
349,0,0,0,349000
350,0,3,-0.6,350000
351,0,0,0,351000
352,-1,5,-2,352000
353,0,1,-0.2,353000
354,0,3,-0.6,354000
355,-1,14,-3.8,355000
356,0,0,0,356000
357,0,0,0,357000
358,0,1,-0.2,358000
359,-1,6,-2.2,359000
360,0,4,-0.8,360000
361,0,3,-0.6,361000
362,0,0,0,362000
363,0,0,0,363000
364,0,3,-0.6,364000
365,0,2,-0.4,365000
366,0,0,0,366000
367,0,6,-1.2,367000
368,0,0,0,368000
369,0,0,0,369000
370,0,0,0,370000
371,0,5,-1,371000
372,-1,1,-1.2,372000
373,0,0,0,373000
374,0,7,-1.4,374000
375,0,0,0,375000
376,0,0,0,376000
377,0,4,-0.8,377000
378,0,2,-0.4,378000
379,0,10,-2,379000
380,0,0,0,380000
381,0,2,-0.4,381000
382,0,7,-1.4,382000
383,0,0,0,383000
384,0,0,0,384000
385,0,0,0,385000
386,0,4,-0.8,386000
387,0,2,-0.4,387000
388,0,0,0,388000
389,-1,2,-1.4,389000
390,0,0,0,390000
391,0,5,-1,391000
392,0,0,0,392000
393,0,4,-0.8,393000
394,0,10,-2,394000
395,0,0,0,395000
396,0,0,0,396000
397,0,0,0,397000
398,0,1,-0.2,398000
399,-1,17,-4.4,399000
400,0,1,-0.2,400000
401,0,0,0,401000
402,0,3,-0.6,402000
403,0,1,-0.2,403000
404,0,0,0,404000
405,0,2,-0.4,405000
406,0,2,-0.4,406000
407,-1,3,-1.6,407000
408,0,20,-4,408000
409,0,0,0,409000
410,0,4,-0.8,410000
411,0,0,0,411000
412,0,1,-0.2,412000
413,0,3,-0.6,413000
414,0,2,-0.4,414000
415,0,1,-0.2,415000
416,0,1,-0.2,416000
417,0,1,-0.2,417000
418,0,0,0,418000
419,0,3,-0.6,419000
420,0,4,-0.8,420000
421,0,3,-0.6,421000
422,0,0,0,422000
423,0,3,-0.6,423000
424,0,4,-0.8,424000
425,-1,11,-3.2,425000
426,-1,4,-1.8,426000
427,0,5,-1,427000
428,0,0,0,428000
429,0,1,-0.2,429000
430,0,0,0,430000
431,0,0,0,431000
432,0,1,-0.2,432000
433,0,0,0,433000
434,0,0,0,434000
435,0,0,0,435000
436,0,1,-0.2,436000
437,-1,7,-2.4,437000
438,0,1,-0.2,438000
439,0,2,-0.4,439000
440,0,0,0,440000
441,0,2,-0.4,441000
442,0,0,0,442000
443,0,8,-1.6,443000
444,0,13,-2.6,444000
445,0,6,-1.2,445000
446,0,0,0,446000
447,0,0,0,447000
448,0,0,0,448000
449,0,4,-0.8,449000
450,0,0,0,450000
451,-1,3,-1.6,451000
452,0,0,0,452000
453,0,0,0,453000
454,0,0,0,454000
455,0,1,-0.2,455000
456,0,2,-0.4,456000
457,0,0,0,457000
458,0,0,0,458000
459,0,0,0,459000
460,0,1,-0.2,460000
461,-1,6,-2.2,461000
462,0,5,-1,462000
463,0,0,0,463000
464,0,0,0,464000
465,0,0,0,465000
466,0,0,0,466000
467,-1,6,-2.2,467000
468,0,1,-0.2,468000
469,0,8,-1.6,469000
470,0,2,-0.4,470000
471,0,0,0,471000
472,0,0,0,472000
473,-1,17,-4.4,473000
474,1,0,1,474000
475,0,0,0,475000
476,0,6,-1.2,476000
477,0,0,0,477000
478,0,0,0,478000
479,0,1,-0.2,479000
480,0,0,0,480000
481,0,0,0,481000
482,0,0,0,482000
483,0,2,-0.4,483000
484,-1,9,-2.8,484000
485,0,0,0,485000
486,0,0,0,486000
487,0,0,0,487000
488,0,8,-1.6,488000
489,0,0,0,489000
490,0,0,0,490000
491,-1,6,-2.2,491000
492,-1,3,-1.6,492000
493,0,0,0,493000
494,-1,6,-2.2,494000
495,0,5,-1,495000
496,0,0,0,496000
497,0,0,0,497000
498,0,0,0,498000
499,0,0,0,499000
500,0,6,-1.2,500000
501,0,9,-1.8,501000
502,0,0,0,502000
503,0,0,0,503000
504,0,3,-0.6,504000
505,0,1,-0.2,505000
506,0,0,0,506000
507,0,9,-1.8,507000
508,0,7,-1.4,508000
509,0,0,0,509000
510,0,9,-1.8,510000
511,0,0,0,511000
512,0,8,-1.6,512000
513,0,0,0,513000
514,0,5,-1,514000
515,0,3,-0.6,515000
516,0,0,0,516000
517,0,4,-0.8,517000
518,0,0,0,518000
519,0,0,0,519000
520,0,0,0,520000
521,0,1,-0.2,521000
522,0,0,0,522000
523,0,0,0,523000
524,0,0,0,524000
525,0,0,0,525000
526,0,2,-0.4,526000
527,0,0,0,527000
528,0,2,-0.4,528000
529,0,0,0,529000
530,0,0,0,530000
531,0,0,0,531000
532,0,0,0,532000
533,0,3,-0.6,533000
534,-1,3,-1.6,534000
535,0,0,0,535000
536,0,4,-0.8,536000
537,0,0,0,537000
538,0,0,0,538000
539,0,5,-1,539000
540,0,0,0,540000
541,0,1,-0.2,541000
542,-1,9,-2.8,542000
543,0,5,-1,543000
544,0,0,0,544000
545,0,0,0,545000
546,0,0,0,546000
547,0,6,-1.2,547000
548,0,3,-0.6,548000
549,-1,6,-2.2,549000
550,0,4,-0.8,550000
551,0,0,0,551000
552,0,2,-0.4,552000
553,0,0,0,553000
554,0,0,0,554000
555,0,0,0,555000
556,0,1,-0.2,556000
557,0,0,0,557000
558,0,0,0,558000
559,0,0,0,559000
560,0,4,-0.8,560000
561,0,0,0,561000
562,0,6,-1.2,562000
563,0,0,0,563000
564,0,7,-1.4,564000
565,0,4,-0.8,565000
566,0,8,-1.6,566000
567,0,2,-0.4,567000
568,0,8,-1.6,568000
569,0,0,0,569000
570,0,3,-0.6,570000
571,0,0,0,571000
572,0,3,-0.6,572000
573,0,0,0,573000
574,0,0,0,574000
575,0,0,0,575000
576,0,1,-0.2,576000
577,0,0,0,577000
578,-1,5,-2,578000
579,0,1,-0.2,579000
580,0,3,-0.6,580000
581,-1,5,-2,581000
582,0,0,0,582000
583,0,0,0,583000
584,0,6,-1.2,584000
585,0,4,-0.8,585000
586,0,4,-0.8,586000
587,0,0,0,587000
588,0,0,0,588000
589,0,5,-1,589000
590,0,0,0,590000
591,0,0,0,591000
592,0,0,0,592000
593,0,3,-0.6,593000
594,0,0,0,594000
595,0,6,-1.2,595000
596,0,0,0,596000
597,0,4,-0.8,597000
598,0,8,-1.6,598000
599,0,0,0,599000
600,-1,6,-2.2,600000
601,0,6,-1.2,601000
602,0,0,0,602000
603,0,0,0,603000
604,-1,7,-2.4,604000
605,0,0,0,605000
606,0,0,0,606000
607,0,0,0,607000
608,-1,7,-2.4,608000
609,0,0,0,609000
610,0,0,0,610000
611,0,1,-0.2,611000
612,-1,14,-3.8,612000
613,0,1,-0.2,613000
614,0,0,0,614000
615,0,0,0,615000
616,0,0,0,616000
617,-1,4,-1.8,617000
618,0,5,-1,618000
619,0,4,-0.8,619000
620,0,0,0,620000
621,0,11,-2.2,621000
622,-1,1,-1.2,622000
623,0,0,0,623000
624,-1,4,-1.8,624000
625,0,0,0,625000
626,0,0,0,626000
627,0,7,-1.4,627000
628,0,0,0,628000
629,0,6,-1.2,629000
630,0,0,0,630000
631,0,0,0,631000
632,0,0,0,632000
633,0,0,0,633000
634,0,0,0,634000
635,0,4,-0.8,635000
636,0,10,-2,636000
637,0,4,-0.8,637000
638,0,0,0,638000
639,0,6,-1.2,639000
640,0,4,-0.8,640000
641,0,4,-0.8,641000
642,0,0,0,642000
643,0,0,0,643000
644,0,1,-0.2,644000
645,0,0,0,645000
646,-1,11,-3.2,646000
647,0,6,-1.2,647000
648,0,0,0,648000
649,0,0,0,649000
650,0,3,-0.6,650000
651,0,0,0,651000
652,0,0,0,652000
653,0,7,-1.4,653000
654,0,3,-0.6,654000
655,0,0,0,655000
656,0,0,0,656000
657,0,0,0,657000
658,0,0,0,658000
659,0,0,0,659000
660,0,0,0,660000
661,0,0,0,661000
662,0,0,0,662000
663,0,0,0,663000
664,0,3,-0.6,664000
665,0,0,0,665000
666,0,0,0,666000
667,-1,5,-2,667000
668,0,7,-1.4,668000
669,0,0,0,669000
670,0,0,0,670000
671,0,0,0,671000
672,0,0,0,672000
673,0,4,-0.8,673000
674,0,6,-1.2,674000
675,0,1,-0.2,675000
676,0,0,0,676000
677,0,0,0,677000
678,0,0,0,678000
679,0,0,0,679000
680,0,0,0,680000
681,0,0,0,681000
682,0,3,-0.6,682000
683,0,0,0,683000
684,0,1,-0.2,684000
685,0,0,0,685000
686,0,5,-1,686000
687,0,0,0,687000
688,0,0,0,688000
689,-1,6,-2.2,689000
690,0,0,0,690000
691,0,0,0,691000
692,0,0,0,692000
693,0,0,0,693000
694,-1,9,-2.8,694000
695,0,0,0,695000
696,1,0,1,696000
697,0,0,0,697000
698,0,5,-1,698000
699,0,2,-0.4,699000
700,0,3,-0.6,700000
701,0,0,0,701000
702,0,0,0,702000
703,0,6,-1.2,703000
704,0,2,-0.4,704000
705,0,3,-0.6,705000
706,0,0,0,706000
707,0,0,0,707000
708,0,0,0,708000
709,0,0,0,709000
710,0,0,0,710000
711,0,0,0,711000
712,0,5,-1,712000
713,0,9,-1.8,713000
714,0,0,0,714000
715,0,0,0,715000
716,0,2,-0.4,716000
717,0,0,0,717000
718,0,0,0,718000
719,0,0,0,719000
720,0,0,0,720000
721,0,0,0,721000
722,0,0,0,722000
723,0,0,0,723000
724,0,0,0,724000
725,0,0,0,725000
726,0,0,0,726000
727,0,0,0,727000
728,0,0,0,728000
729,0,0,0,729000
730,0,0,0,730000
731,0,1,-0.2,731000
732,0,0,0,732000
733,0,0,0,733000
734,0,0,0,734000
735,0,9,-1.8,735000
736,0,1,-0.2,736000
737,0,3,-0.6,737000
738,0,0,0,738000
739,0,5,-1,739000
740,0,2,-0.4,740000
741,0,0,0,741000
742,0,0,0,742000
743,0,0,0,743000
744,0,0,0,744000
745,0,0,0,745000
746,0,3,-0.6,746000
747,0,2,-0.4,747000
748,0,4,-0.8,748000
749,0,0,0,749000
750,0,0,0,750000
751,0,0,0,751000
752,0,2,-0.4,752000
753,0,0,0,753000
754,-1,12,-3.4,754000
755,0,0,0,755000
756,0,0,0,756000
757,0,8,-1.6,757000
758,0,0,0,758000
759,0,3,-0.6,759000
760,0,7,-1.4,760000
761,0,0,0,761000
762,0,0,0,762000
763,0,0,0,763000
764,0,0,0,764000
765,0,0,0,765000
766,0,0,0,766000
767,0,0,0,767000
768,0,0,0,768000
769,0,0,0,769000
770,0,0,0,770000
771,1,0,1,771000
772,0,0,0,772000
773,0,0,0,773000
774,0,0,0,774000
775,-1,7,-2.4,775000
776,0,4,-0.8,776000
777,0,0,0,777000
778,0,0,0,778000
779,0,2,-0.4,779000
780,0,0,0,780000
781,0,1,-0.2,781000
782,0,0,0,782000
783,0,0,0,783000
784,0,0,0,784000
785,0,0,0,785000
786,0,4,-0.8,786000
787,-1,5,-2,787000
788,0,0,0,788000
789,0,0,0,789000
790,0,0,0,790000
791,0,0,0,791000
792,0,2,-0.4,792000
793,0,0,0,793000
794,0,11,-2.2,794000
795,0,1,-0.2,795000
796,0,7,-1.4,796000
797,0,0,0,797000
798,0,1,-0.2,798000
799,0,1,-0.2,799000
800,0,0,0,800000
801,0,0,0,801000
802,0,0,0,802000
803,0,0,0,803000
804,0,1,-0.2,804000
805,0,0,0,805000
806,0,0,0,806000
807,0,0,0,807000
808,0,0,0,808000
809,0,2,-0.4,809000
810,0,0,0,810000
811,0,0,0,811000
812,0,0,0,812000
813,0,0,0,813000
814,0,0,0,814000
815,0,0,0,815000
816,0,0,0,816000
817,0,6,-1.2,817000
818,0,7,-1.4,818000
819,0,0,0,819000
820,0,0,0,820000
821,0,0,0,821000
822,0,0,0,822000
823,0,0,0,823000
824,0,0,0,824000
825,-1,7,-2.4,825000
826,0,0,0,826000
827,0,0,0,827000
828,0,0,0,828000
829,0,0,0,829000
830,0,0,0,830000
831,0,0,0,831000
832,0,0,0,832000
833,0,0,0,833000
834,0,0,0,834000
835,0,3,-0.6,835000
836,0,2,-0.4,836000
837,0,0,0,837000
838,0,0,0,838000
839,0,0,0,839000
840,0,0,0,840000
841,0,0,0,841000
842,0,0,0,842000
843,0,0,0,843000
844,0,0,0,844000
845,0,6,-1.2,845000
846,0,0,0,846000
847,0,1,-0.2,847000
848,0,0,0,848000
849,0,0,0,849000
850,0,0,0,850000
851,0,0,0,851000
852,0,0,0,852000
853,0,0,0,853000
854,0,5,-1,854000
855,0,0,0,855000
856,0,3,-0.6,856000
857,0,0,0,857000
858,0,0,0,858000
859,0,0,0,859000
860,0,2,-0.4,860000
861,0,11,-2.2,861000
862,0,0,0,862000
863,0,2,-0.4,863000
864,0,0,0,864000
865,0,0,0,865000
866,0,1,-0.2,866000
867,0,0,0,867000
868,0,6,-1.2,868000
869,0,0,0,869000
870,0,1,-0.2,870000
871,0,0,0,871000
872,0,3,-0.6,872000
873,0,7,-1.4,873000
874,0,0,0,874000
875,0,2,-0.4,875000
876,0,0,0,876000
877,0,1,-0.2,877000
878,0,0,0,878000
879,0,0,0,879000
880,0,3,-0.6,880000
881,0,1,-0.2,881000
882,0,0,0,882000
883,0,0,0,883000
884,0,0,0,884000
885,0,2,-0.4,885000
886,0,0,0,886000
887,0,0,0,887000
888,0,2,-0.4,888000
889,0,0,0,889000
890,0,10,-2,890000
891,0,0,0,891000
892,0,0,0,892000
893,1,0,1,893000
894,0,0,0,894000
895,0,0,0,895000
896,0,0,0,896000
897,0,0,0,897000
898,0,0,0,898000
899,0,3,-0.6,899000
900,0,3,-0.6,900000
901,0,0,0,901000
902,0,3,-0.6,902000
903,0,0,0,903000
904,0,0,0,904000
905,0,4,-0.8,905000
906,0,4,-0.8,906000
907,0,0,0,907000
908,0,0,0,908000
909,0,0,0,909000
910,0,0,0,910000
911,0,0,0,911000
912,0,0,0,912000
913,0,0,0,913000
914,0,0,0,914000
915,0,0,0,915000
916,-1,11,-3.2,916000
917,0,0,0,917000
918,0,0,0,918000
919,0,0,0,919000
920,0,0,0,920000
921,0,0,0,921000
922,0,3,-0.6,922000
923,0,1,-0.2,923000
924,0,1,-0.2,924000
925,0,0,0,925000
926,0,0,0,926000
927,0,0,0,927000
928,0,0,0,928000
929,0,0,0,929000
930,0,0,0,930000
931,0,0,0,931000
932,0,0,0,932000
933,0,0,0,933000
934,0,0,0,934000
935,0,0,0,935000
936,0,0,0,936000
937,0,0,0,937000
938,0,0,0,938000
939,0,0,0,939000
940,0,0,0,940000
941,0,0,0,941000
942,0,0,0,942000
943,0,0,0,943000
944,0,2,-0.4,944000
945,0,0,0,945000
946,0,0,0,946000
947,0,0,0,947000
948,0,0,0,948000
949,0,0,0,949000
950,0,1,-0.2,950000
951,0,0,0,951000
952,0,0,0,952000
953,0,1,-0.2,953000
954,0,0,0,954000
955,0,0,0,955000
956,0,0,0,956000
957,0,0,0,957000
958,0,0,0,958000
959,0,0,0,959000
960,0,0,0,960000
961,0,0,0,961000
962,0,1,-0.2,962000
963,0,0,0,963000
964,0,0,0,964000
965,0,0,0,965000
966,0,0,0,966000
967,0,0,0,967000
968,0,0,0,968000
969,0,0,0,969000
970,0,0,0,970000
971,0,10,-2,971000
972,0,0,0,972000
973,0,1,-0.2,973000
974,-1,3,-1.6,974000
975,0,0,0,975000
976,0,0,0,976000
977,0,0,0,977000
978,0,0,0,978000
979,0,0,0,979000
980,0,11,-2.2,980000
981,0,0,0,981000
982,0,0,0,982000
983,0,0,0,983000
984,0,0,0,984000
985,0,0,0,985000
986,0,0,0,986000
987,0,0,0,987000
988,0,0,0,988000
989,0,0,0,989000
990,0,0,0,990000
991,0,0,0,991000
992,0,2,-0.4,992000
993,0,0,0,993000
994,-1,5,-2,994000
995,0,8,-1.6,995000
996,0,0,0,996000
997,0,12,-2.4,997000
998,0,0,0,998000
999,0,0,0,999000
1000,0,4,-0.8,1000000
1001,0,0,0,1001000
1002,0,1,-0.2,1002000
1003,0,0,0,1003000
1004,0,0,0,1004000
1005,0,0,0,1005000
1006,0,0,0,1006000
1007,0,0,0,1007000
1008,-1,2,-1.4,1008000
1009,0,4,-0.8,1009000
1010,0,5,-1,1010000
1011,0,2,-0.4,1011000
1012,0,7,-1.4,1012000
1013,0,12,-2.4,1013000
1014,0,0,0,1014000
1015,0,0,0,1015000
1016,0,0,0,1016000
1017,0,0,0,1017000
1018,0,0,0,1018000
1019,0,0,0,1019000
1020,0,5,-1,1020000
1021,0,0,0,1021000
1022,0,0,0,1022000
1023,0,0,0,1023000
1024,0,0,0,1024000
1025,0,0,0,1025000
1026,0,0,0,1026000
1027,0,0,0,1027000
1028,0,9,-1.8,1028000
1029,0,0,0,1029000
1030,0,0,0,1030000
1031,0,0,0,1031000
1032,0,0,0,1032000
1033,0,0,0,1033000
1034,1,0,1,1034000
1035,0,0,0,1035000
1036,0,0,0,1036000
1037,0,0,0,1037000
1038,0,0,0,1038000
1039,0,1,-0.2,1039000
1040,0,0,0,1040000
1041,0,0,0,1041000
1042,0,0,0,1042000
1043,0,19,-3.8,1043000
1044,0,5,-1,1044000
1045,0,0,0,1045000
1046,0,1,-0.2,1046000
1047,1,0,1,1047000
1048,0,0,0,1048000
1049,0,1,-0.2,1049000
1050,0,0,0,1050000
1051,0,0,0,1051000
1052,0,3,-0.6,1052000
1053,0,0,0,1053000
1054,0,0,0,1054000
1055,0,0,0,1055000
1056,0,0,0,1056000
1057,0,0,0,1057000
1058,1,0,1,1058000
1059,0,0,0,1059000
1060,0,0,0,1060000
1061,0,0,0,1061000
1062,0,0,0,1062000
1063,0,0,0,1063000
1064,0,1,-0.2,1064000
1065,0,3,-0.6,1065000
1066,0,0,0,1066000
1067,0,0,0,1067000
1068,0,0,0,1068000
1069,0,0,0,1069000
1070,0,0,0,1070000
1071,0,0,0,1071000
1072,0,0,0,1072000
1073,0,1,-0.2,1073000
1074,0,3,-0.6,1074000
1075,0,0,0,1075000
1076,0,0,0,1076000
1077,0,0,0,1077000
1078,0,0,0,1078000
1079,0,0,0,1079000
1080,0,6,-1.2,1080000
1081,0,0,0,1081000
1082,0,0,0,1082000
1083,0,0,0,1083000
1084,0,0,0,1084000
1085,1,0,1,1085000
1086,0,0,0,1086000
1087,0,5,-1,1087000
1088,0,0,0,1088000
1089,0,0,0,1089000
1090,0,0,0,1090000
1091,-1,10,-3,1091000
1092,0,0,0,1092000
1093,0,1,-0.2,1093000
1094,0,0,0,1094000
1095,0,0,0,1095000
1096,0,0,0,1096000
1097,0,0,0,1097000
1098,0,0,0,1098000
1099,0,0,0,1099000
1100,0,0,0,1100000
1101,0,0,0,1101000
1102,0,0,0,1102000
1103,0,5,-1,1103000
1104,0,0,0,1104000
1105,0,0,0,1105000
1106,-1,5,-2,1106000
1107,0,0,0,1107000
1108,0,0,0,1108000
1109,0,0,0,1109000
1110,0,0,0,1110000
1111,0,0,0,1111000
1112,0,0,0,1112000
1113,0,0,0,1113000
1114,0,0,0,1114000
1115,0,0,0,1115000
1116,0,0,0,1116000
1117,0,0,0,1117000
1118,0,1,-0.2,1118000
1119,0,0,0,1119000
1120,0,0,0,1120000
1121,0,0,0,1121000
1122,0,4,-0.8,1122000
1123,0,0,0,1123000
1124,0,2,-0.4,1124000
1125,0,0,0,1125000
1126,0,0,0,1126000
1127,0,0,0,1127000
1128,0,0,0,1128000
1129,0,0,0,1129000
1130,0,2,-0.4,1130000
1131,-1,5,-2,1131000
1132,-1,6,-2.2,1132000
1133,0,0,0,1133000
1134,0,0,0,1134000
1135,0,0,0,1135000
1136,0,0,0,1136000
1137,0,0,0,1137000
1138,0,0,0,1138000
1139,0,0,0,1139000
1140,0,0,0,1140000
1141,0,0,0,1141000
1142,0,0,0,1142000
1143,0,0,0,1143000
1144,0,0,0,1144000
1145,1,3,0.4,1145000
1146,0,2,-0.4,1146000
1147,0,0,0,1147000
1148,0,3,-0.6,1148000
1149,0,0,0,1149000
1150,0,0,0,1150000
1151,0,0,0,1151000
1152,0,0,0,1152000
1153,0,0,0,1153000
1154,0,0,0,1154000
1155,0,0,0,1155000
1156,0,0,0,1156000
1157,0,0,0,1157000
1158,0,1,-0.2,1158000
1159,0,0,0,1159000
1160,0,0,0,1160000
1161,0,0,0,1161000
1162,0,5,-1,1162000
1163,0,2,-0.4,1163000
1164,0,0,0,1164000
1165,0,0,0,1165000
1166,0,1,-0.2,1166000
1167,0,0,0,1167000
1168,0,2,-0.4,1168000
1169,0,0,0,1169000
1170,0,0,0,1170000
1171,0,1,-0.2,1171000
1172,0,0,0,1172000
1173,0,0,0,1173000
1174,0,0,0,1174000
1175,1,0,1,1175000
1176,0,0,0,1176000
1177,0,0,0,1177000
1178,0,0,0,1178000
1179,0,0,0,1179000
1180,0,0,0,1180000
1181,0,0,0,1181000
1182,0,1,-0.2,1182000
1183,0,0,0,1183000
1184,0,0,0,1184000
1185,0,8,-1.6,1185000
1186,0,0,0,1186000
1187,0,4,-0.8,1187000
1188,0,0,0,1188000
1189,0,0,0,1189000
1190,0,0,0,1190000
1191,0,0,0,1191000
1192,0,0,0,1192000
1193,0,0,0,1193000
1194,0,0,0,1194000
1195,0,0,0,1195000
1196,0,0,0,1196000
1197,0,0,0,1197000
1198,0,0,0,1198000
1199,0,0,0,1199000
1200,0,0,0,1200000
1201,0,0,0,1201000
1202,0,0,0,1202000
1203,0,0,0,1203000
1204,0,0,0,1204000
1205,0,0,0,1205000
1206,0,0,0,1206000
1207,0,0,0,1207000
1208,0,0,0,1208000
1209,0,0,0,1209000
1210,0,0,0,1210000
1211,0,0,0,1211000
1212,0,0,0,1212000
1213,0,0,0,1213000
1214,0,2,-0.4,1214000
1215,0,0,0,1215000
1216,0,0,0,1216000
1217,0,1,-0.2,1217000
1218,0,0,0,1218000
1219,0,0,0,1219000
1220,0,1,-0.2,1220000
1221,0,0,0,1221000
1222,0,0,0,1222000
1223,1,0,1,1223000
1224,0,2,-0.4,1224000
1225,0,0,0,1225000
1226,0,0,0,1226000
1227,0,0,0,1227000
1228,0,0,0,1228000
1229,0,0,0,1229000
1230,0,0,0,1230000
1231,0,0,0,1231000
1232,0,0,0,1232000
1233,0,0,0,1233000
1234,0,5,-1,1234000
1235,0,3,-0.6,1235000
1236,0,0,0,1236000
1237,0,2,-0.4,1237000
1238,0,0,0,1238000
1239,0,0,0,1239000
1240,0,0,0,1240000
1241,0,0,0,1241000
1242,0,0,0,1242000
1243,0,0,0,1243000
1244,0,12,-2.4,1244000
1245,0,9,-1.8,1245000
1246,0,0,0,1246000
1247,0,0,0,1247000
1248,0,0,0,1248000
1249,0,0,0,1249000
1250,0,0,0,1250000
1251,0,0,0,1251000
1252,0,0,0,1252000
1253,0,1,-0.2,1253000
1254,0,2,-0.4,1254000
1255,0,3,-0.6,1255000
1256,0,0,0,1256000
1257,0,0,0,1257000
1258,0,0,0,1258000
1259,0,1,-0.2,1259000
1260,0,0,0,1260000
1261,0,8,-1.6,1261000
1262,0,1,-0.2,1262000
1263,0,0,0,1263000
1264,0,0,0,1264000
1265,0,0,0,1265000
1266,0,1,-0.2,1266000
1267,0,0,0,1267000
1268,0,0,0,1268000
1269,0,11,-2.2,1269000
1270,0,0,0,1270000
1271,-1,4,-1.8,1271000
1272,0,0,0,1272000
1273,0,3,-0.6,1273000
1274,0,0,0,1274000
1275,0,0,0,1275000
1276,0,0,0,1276000
1277,0,1,-0.2,1277000
1278,0,0,0,1278000
1279,0,0,0,1279000
1280,0,0,0,1280000
1281,0,0,0,1281000
1282,0,0,0,1282000
1283,0,0,0,1283000
1284,0,0,0,1284000
1285,0,0,0,1285000
1286,0,0,0,1286000
1287,0,0,0,1287000
1288,0,0,0,1288000
1289,0,1,-0.2,1289000
1290,0,3,-0.6,1290000
1291,0,0,0,1291000
1292,0,0,0,1292000
1293,0,0,0,1293000
1294,0,0,0,1294000
1295,0,4,-0.8,1295000
1296,0,0,0,1296000
1297,-1,2,-1.4,1297000
1298,0,0,0,1298000
1299,0,0,0,1299000
1300,0,2,-0.4,1300000
1301,0,0,0,1301000
1302,0,0,0,1302000
1303,0,0,0,1303000
1304,0,0,0,1304000
1305,0,0,0,1305000
1306,0,3,-0.6,1306000
1307,0,0,0,1307000
1308,0,0,0,1308000
1309,0,0,0,1309000
1310,0,0,0,1310000
1311,0,2,-0.4,1311000
1312,0,0,0,1312000
1313,0,6,-1.2,1313000
1314,0,0,0,1314000
1315,0,0,0,1315000
1316,0,0,0,1316000
1317,0,0,0,1317000
1318,0,0,0,1318000
1319,0,0,0,1319000
1320,0,2,-0.4,1320000
1321,0,0,0,1321000
1322,0,0,0,1322000
1323,0,0,0,1323000
1324,0,1,-0.2,1324000
1325,0,0,0,1325000
1326,0,0,0,1326000
1327,0,0,0,1327000
1328,0,0,0,1328000
1329,0,0,0,1329000
1330,0,0,0,1330000
1331,0,0,0,1331000
1332,0,0,0,1332000
1333,0,0,0,1333000
1334,0,0,0,1334000
1335,0,0,0,1335000
1336,0,0,0,1336000
1337,0,1,-0.2,1337000
1338,0,0,0,1338000
1339,0,0,0,1339000
1340,0,0,0,1340000
1341,0,0,0,1341000
1342,0,0,0,1342000
1343,0,0,0,1343000
1344,1,0,1,1344000
1345,0,0,0,1345000
1346,0,0,0,1346000
1347,0,0,0,1347000
1348,0,0,0,1348000
1349,0,0,0,1349000
1350,0,0,0,1350000
1351,0,0,0,1351000
1352,0,1,-0.2,1352000
1353,0,2,-0.4,1353000
1354,0,0,0,1354000
1355,0,0,0,1355000
1356,0,0,0,1356000
1357,0,0,0,1357000
1358,0,2,-0.4,1358000
1359,0,0,0,1359000
1360,0,0,0,1360000
1361,0,0,0,1361000
1362,0,2,-0.4,1362000
1363,0,2,-0.4,1363000
1364,0,0,0,1364000
1365,0,0,0,1365000
1366,0,0,0,1366000
1367,0,1,-0.2,1367000
1368,0,1,-0.2,1368000
1369,0,0,0,1369000
1370,0,0,0,1370000
1371,0,0,0,1371000
1372,0,0,0,1372000
1373,0,0,0,1373000
1374,0,0,0,1374000
1375,0,0,0,1375000
1376,0,0,0,1376000
1377,0,0,0,1377000
1378,0,2,-0.4,1378000
1379,0,0,0,1379000
1380,0,0,0,1380000
1381,0,0,0,1381000
1382,0,0,0,1382000
1383,0,0,0,1383000
1384,0,0,0,1384000
1385,0,0,0,1385000
1386,0,0,0,1386000
1387,0,0,0,1387000
1388,0,0,0,1388000
1389,0,4,-0.8,1389000
1390,0,0,0,1390000
1391,0,0,0,1391000
1392,0,0,0,1392000
1393,0,0,0,1393000
1394,0,0,0,1394000
1395,0,1,-0.2,1395000
1396,0,1,-0.2,1396000
1397,0,0,0,1397000
1398,0,0,0,1398000
1399,0,0,0,1399000
1400,0,3,-0.6,1400000
1401,0,0,0,1401000
1402,0,0,0,1402000
1403,0,0,0,1403000
1404,0,0,0,1404000
1405,0,0,0,1405000
1406,0,0,0,1406000
1407,0,0,0,1407000
1408,0,3,-0.6,1408000
1409,0,0,0,1409000
1410,0,1,-0.2,1410000
1411,0,0,0,1411000
1412,0,0,0,1412000
1413,0,0,0,1413000
1414,0,0,0,1414000
1415,0,0,0,1415000
1416,0,0,0,1416000
1417,0,0,0,1417000
1418,0,0,0,1418000
1419,0,0,0,1419000
1420,0,0,0,1420000
1421,0,0,0,1421000
1422,0,1,-0.2,1422000
1423,1,0,1,1423000
1424,0,0,0,1424000
1425,0,0,0,1425000
1426,0,0,0,1426000
1427,0,0,0,1427000
1428,0,0,0,1428000
1429,0,0,0,1429000
1430,1,0,1,1430000
1431,0,0,0,1431000
1432,0,15,-3,1432000
1433,0,0,0,1433000
1434,0,0,0,1434000
1435,0,4,-0.8,1435000
1436,0,0,0,1436000
1437,0,0,0,1437000
1438,0,0,0,1438000
1439,0,0,0,1439000
1440,0,0,0,1440000
1441,0,2,-0.4,1441000
1442,0,0,0,1442000
1443,0,0,0,1443000
1444,0,0,0,1444000
1445,0,0,0,1445000
1446,0,0,0,1446000
1447,0,0,0,1447000
1448,0,0,0,1448000
1449,1,0,1,1449000
1450,0,0,0,1450000
1451,0,0,0,1451000
1452,0,0,0,1452000
1453,0,0,0,1453000
1454,0,0,0,1454000
1455,0,0,0,1455000
1456,0,0,0,1456000
1457,0,0,0,1457000
1458,0,0,0,1458000
1459,0,0,0,1459000
1460,0,0,0,1460000
1461,0,0,0,1461000
1462,0,0,0,1462000
1463,0,0,0,1463000
1464,0,0,0,1464000
1465,0,0,0,1465000
1466,0,0,0,1466000
1467,0,0,0,1467000
1468,0,0,0,1468000
1469,0,3,-0.6,1469000
1470,0,0,0,1470000
1471,0,0,0,1471000
1472,0,0,0,1472000
1473,0,0,0,1473000
1474,0,0,0,1474000
1475,0,0,0,1475000
1476,0,0,0,1476000
1477,0,0,0,1477000
1478,-1,5,-2,1478000
1479,0,4,-0.8,1479000
1480,0,0,0,1480000
1481,0,1,-0.2,1481000
1482,0,0,0,1482000
1483,0,0,0,1483000
1484,0,0,0,1484000
1485,0,4,-0.8,1485000
1486,0,0,0,1486000
1487,0,0,0,1487000
1488,0,0,0,1488000
1489,0,0,0,1489000
1490,1,0,1,1490000
1491,0,0,0,1491000
1492,0,0,0,1492000
1493,0,0,0,1493000
1494,0,0,0,1494000
1495,0,0,0,1495000
1496,0,0,0,1496000
1497,0,3,-0.6,1497000
1498,0,0,0,1498000
1499,0,0,0,1499000
1500,0,0,0,1500000
1501,0,0,0,1501000
1502,0,0,0,1502000
1503,0,0,0,1503000
1504,1,0,1,1504000
1505,0,0,0,1505000
1506,0,0,0,1506000
1507,0,0,0,1507000
1508,0,0,0,1508000
1509,0,0,0,1509000
1510,0,0,0,1510000
1511,0,0,0,1511000
1512,0,0,0,1512000
1513,0,0,0,1513000
1514,0,0,0,1514000
1515,0,0,0,1515000
1516,0,0,0,1516000
1517,0,0,0,1517000
1518,0,0,0,1518000
1519,0,0,0,1519000
1520,0,0,0,1520000
1521,0,0,0,1521000
1522,0,0,0,1522000
1523,0,0,0,1523000
1524,0,0,0,1524000
1525,0,2,-0.4,1525000
1526,0,0,0,1526000
1527,0,2,-0.4,1527000
1528,0,0,0,1528000
1529,0,0,0,1529000
1530,0,0,0,1530000
1531,1,0,1,1531000
1532,0,0,0,1532000
1533,0,0,0,1533000
1534,0,0,0,1534000
1535,0,0,0,1535000
1536,0,0,0,1536000
1537,0,3,-0.6,1537000
1538,0,0,0,1538000
1539,0,0,0,1539000
1540,0,0,0,1540000
1541,0,0,0,1541000
1542,0,0,0,1542000
1543,0,0,0,1543000
1544,0,0,0,1544000
1545,0,0,0,1545000
1546,0,0,0,1546000
1547,0,0,0,1547000
1548,0,0,0,1548000
1549,0,0,0,1549000
1550,0,0,0,1550000
1551,0,0,0,1551000
1552,0,0,0,1552000
1553,0,0,0,1553000
1554,0,0,0,1554000
1555,0,0,0,1555000
1556,0,2,-0.4,1556000
1557,0,0,0,1557000
1558,0,0,0,1558000
1559,0,0,0,1559000
1560,0,0,0,1560000
1561,0,0,0,1561000
1562,0,0,0,1562000
1563,0,0,0,1563000
1564,0,5,-1,1564000
1565,0,0,0,1565000
1566,0,0,0,1566000
1567,0,0,0,1567000
1568,0,0,0,1568000
1569,1,0,1,1569000
1570,0,0,0,1570000
1571,0,0,0,1571000
1572,0,0,0,1572000
1573,0,0,0,1573000
1574,0,0,0,1574000
1575,0,0,0,1575000
1576,0,0,0,1576000
1577,0,0,0,1577000
1578,0,0,0,1578000
1579,0,0,0,1579000
1580,0,0,0,1580000
1581,0,0,0,1581000
1582,0,0,0,1582000
1583,0,0,0,1583000
1584,0,0,0,1584000
1585,0,0,0,1585000
1586,0,1,-0.2,1586000
1587,0,0,0,1587000
1588,0,0,0,1588000
1589,-1,5,-2,1589000
1590,0,0,0,1590000
1591,0,0,0,1591000
1592,0,0,0,1592000
1593,0,0,0,1593000
1594,0,0,0,1594000
1595,-1,1,-1.2,1595000
1596,0,0,0,1596000
1597,0,0,0,1597000
1598,0,0,0,1598000
1599,0,0,0,1599000
1600,0,0,0,1600000
1601,0,0,0,1601000
1602,0,0,0,1602000
1603,0,0,0,1603000
1604,0,0,0,1604000
1605,0,1,-0.2,1605000
1606,0,0,0,1606000
1607,0,0,0,1607000
1608,0,0,0,1608000
1609,0,0,0,1609000
1610,0,0,0,1610000
1611,0,0,0,1611000
1612,0,1,-0.2,1612000
1613,0,0,0,1613000
1614,0,0,0,1614000
1615,0,0,0,1615000
1616,0,0,0,1616000
1617,0,0,0,1617000
1618,0,0,0,1618000
1619,0,0,0,1619000
1620,0,0,0,1620000
1621,0,0,0,1621000
1622,0,0,0,1622000
1623,0,0,0,1623000
1624,0,0,0,1624000
1625,0,0,0,1625000
1626,0,0,0,1626000
1627,0,0,0,1627000
1628,0,0,0,1628000
1629,0,0,0,1629000
1630,1,0,1,1630000
1631,0,0,0,1631000
1632,0,0,0,1632000
1633,0,0,0,1633000
1634,-1,2,-1.4,1634000
1635,0,0,0,1635000
1636,0,0,0,1636000
1637,0,0,0,1637000
1638,0,0,0,1638000
1639,0,0,0,1639000
1640,0,0,0,1640000
1641,0,0,0,1641000
1642,0,0,0,1642000
1643,0,1,-0.2,1643000
1644,0,0,0,1644000
1645,0,0,0,1645000
1646,0,11,-2.2,1646000
1647,0,0,0,1647000
1648,0,0,0,1648000
1649,0,0,0,1649000
1650,0,0,0,1650000
1651,0,0,0,1651000
1652,0,0,0,1652000
1653,0,0,0,1653000
1654,0,3,-0.6,1654000
1655,0,0,0,1655000
1656,0,0,0,1656000
1657,0,0,0,1657000
1658,0,0,0,1658000
1659,0,0,0,1659000
1660,0,0,0,1660000
1661,0,0,0,1661000
1662,0,0,0,1662000
1663,0,0,0,1663000
1664,0,0,0,1664000
1665,0,0,0,1665000
1666,0,0,0,1666000
1667,0,0,0,1667000
1668,0,0,0,1668000
1669,0,0,0,1669000
1670,0,0,0,1670000
1671,0,18,-3.6,1671000
1672,0,0,0,1672000
1673,0,0,0,1673000
1674,0,0,0,1674000
1675,0,0,0,1675000
1676,0,0,0,1676000
1677,0,5,-1,1677000
1678,0,8,-1.6,1678000
1679,0,0,0,1679000
1680,0,3,-0.6,1680000
1681,0,8,-1.6,1681000
1682,0,0,0,1682000
1683,0,0,0,1683000
1684,0,0,0,1684000
1685,0,0,0,1685000
1686,0,0,0,1686000
1687,0,0,0,1687000
1688,0,0,0,1688000
1689,1,0,1,1689000
1690,0,0,0,1690000
1691,0,0,0,1691000
1692,0,0,0,1692000
1693,0,0,0,1693000
1694,0,0,0,1694000
1695,0,0,0,1695000
1696,0,0,0,1696000
1697,0,0,0,1697000
1698,0,0,0,1698000
1699,0,0,0,1699000
1700,0,0,0,1700000
1701,0,5,-1,1701000
1702,0,0,0,1702000
1703,0,0,0,1703000
1704,1,0,1,1704000
1705,0,0,0,1705000
1706,0,1,-0.2,1706000
1707,0,0,0,1707000
1708,0,0,0,1708000
1709,0,0,0,1709000
1710,0,0,0,1710000
1711,0,0,0,1711000
1712,0,0,0,1712000
1713,0,0,0,1713000
1714,0,1,-0.2,1714000
1715,0,0,0,1715000
1716,0,0,0,1716000
1717,0,0,0,1717000
1718,0,0,0,1718000
1719,0,1,-0.2,1719000
1720,0,3,-0.6,1720000
1721,0,4,-0.8,1721000
1722,0,0,0,1722000
1723,0,0,0,1723000
1724,0,0,0,1724000
1725,0,0,0,1725000
1726,1,0,1,1726000
1727,0,0,0,1727000
1728,0,0,0,1728000
1729,1,0,1,1729000
1730,0,0,0,1730000
1731,0,0,0,1731000
1732,0,0,0,1732000
1733,0,0,0,1733000
1734,0,0,0,1734000
1735,0,0,0,1735000
1736,0,0,0,1736000
1737,0,4,-0.8,1737000
1738,0,0,0,1738000
1739,0,0,0,1739000
1740,0,0,0,1740000
1741,0,0,0,1741000
1742,0,0,0,1742000
1743,0,0,0,1743000
1744,0,0,0,1744000
1745,0,0,0,1745000
1746,0,0,0,1746000
1747,0,0,0,1747000
1748,1,0,1,1748000
1749,0,0,0,1749000
1750,0,0,0,1750000
1751,0,0,0,1751000
1752,0,0,0,1752000
1753,0,0,0,1753000
1754,0,0,0,1754000
1755,0,0,0,1755000
1756,0,0,0,1756000
1757,0,0,0,1757000
1758,0,0,0,1758000
1759,0,0,0,1759000
1760,0,0,0,1760000
1761,0,1,-0.2,1761000
1762,0,2,-0.4,1762000
1763,-1,6,-2.2,1763000
1764,0,0,0,1764000
1765,0,0,0,1765000
1766,0,0,0,1766000
1767,0,0,0,1767000
1768,0,0,0,1768000
1769,0,0,0,1769000
1770,0,0,0,1770000
1771,0,0,0,1771000
1772,0,0,0,1772000
1773,0,0,0,1773000
1774,0,0,0,1774000
1775,0,0,0,1775000
1776,0,0,0,1776000
1777,0,1,-0.2,1777000
1778,0,0,0,1778000
1779,1,0,1,1779000
1780,-1,4,-1.8,1780000
1781,0,0,0,1781000
1782,0,0,0,1782000
1783,0,0,0,1783000
1784,0,0,0,1784000
1785,0,0,0,1785000
1786,0,0,0,1786000
1787,0,0,0,1787000
1788,0,0,0,1788000
1789,1,0,1,1789000
1790,0,0,0,1790000
1791,0,0,0,1791000
1792,0,0,0,1792000
1793,0,0,0,1793000
1794,0,0,0,1794000
1795,0,0,0,1795000
1796,0,0,0,1796000
1797,0,0,0,1797000
1798,0,0,0,1798000
1799,0,0,0,1799000
1800,0,6,-1.2,1800000
1801,0,0,0,1801000
1802,0,0,0,1802000
1803,0,3,-0.6,1803000
1804,0,0,0,1804000
1805,0,0,0,1805000
1806,0,1,-0.2,1806000
1807,0,0,0,1807000
1808,0,0,0,1808000
1809,0,0,0,1809000
1810,0,0,0,1810000
1811,0,0,0,1811000
1812,0,0,0,1812000
1813,0,0,0,1813000
1814,0,0,0,1814000
1815,0,6,-1.2,1815000
1816,1,0,1,1816000
1817,0,0,0,1817000
1818,0,1,-0.2,1818000
1819,0,0,0,1819000
1820,0,0,0,1820000
1821,0,0,0,1821000
1822,0,0,0,1822000
1823,0,0,0,1823000
1824,0,0,0,1824000
1825,0,0,0,1825000
1826,0,0,0,1826000
1827,0,0,0,1827000
1828,0,0,0,1828000
1829,0,0,0,1829000
1830,0,0,0,1830000
1831,0,2,-0.4,1831000
1832,0,0,0,1832000
1833,0,0,0,1833000
1834,0,0,0,1834000
1835,0,0,0,1835000
1836,0,0,0,1836000
1837,0,0,0,1837000
1838,0,0,0,1838000
1839,0,0,0,1839000
1840,0,0,0,1840000
1841,0,0,0,1841000
1842,0,0,0,1842000
1843,0,0,0,1843000
1844,0,0,0,1844000
1845,0,0,0,1845000
1846,0,0,0,1846000
1847,0,1,-0.2,1847000
1848,0,0,0,1848000
1849,0,0,0,1849000
1850,0,0,0,1850000
1851,0,0,0,1851000
1852,0,0,0,1852000
1853,0,0,0,1853000
1854,0,0,0,1854000
1855,1,0,1,1855000
1856,0,0,0,1856000
1857,0,0,0,1857000
1858,0,0,0,1858000
1859,0,0,0,1859000
1860,0,0,0,1860000
1861,0,0,0,1861000
1862,0,0,0,1862000
1863,0,0,0,1863000
1864,0,0,0,1864000
1865,0,3,-0.6,1865000
1866,0,0,0,1866000
1867,0,0,0,1867000
1868,0,4,-0.8,1868000
1869,0,3,-0.6,1869000
1870,0,0,0,1870000
1871,0,1,-0.2,1871000
1872,1,0,1,1872000
1873,0,0,0,1873000
1874,0,0,0,1874000
1875,0,0,0,1875000
1876,0,0,0,1876000
1877,1,0,1,1877000
1878,0,0,0,1878000
1879,0,0,0,1879000
1880,0,0,0,1880000
1881,0,0,0,1881000
1882,0,3,-0.6,1882000
1883,0,0,0,1883000
1884,0,0,0,1884000
1885,0,0,0,1885000
1886,0,0,0,1886000
1887,0,0,0,1887000
1888,0,3,-0.6,1888000
1889,0,1,-0.2,1889000
1890,0,0,0,1890000
1891,0,0,0,1891000
1892,0,0,0,1892000
1893,0,0,0,1893000
1894,1,0,1,1894000
1895,0,1,-0.2,1895000
1896,1,0,1,1896000
1897,0,0,0,1897000
1898,0,0,0,1898000
1899,0,0,0,1899000
1900,0,0,0,1900000
1901,0,0,0,1901000
1902,0,0,0,1902000
1903,0,0,0,1903000
1904,0,0,0,1904000
1905,0,0,0,1905000
1906,0,0,0,1906000
1907,0,0,0,1907000
1908,0,0,0,1908000
1909,0,0,0,1909000
1910,0,0,0,1910000
1911,0,0,0,1911000
1912,0,0,0,1912000
1913,0,0,0,1913000
1914,0,0,0,1914000
1915,0,0,0,1915000
1916,0,0,0,1916000
1917,0,0,0,1917000
1918,0,0,0,1918000
1919,0,0,0,1919000
1920,1,0,1,1920000
1921,0,1,-0.2,1921000
1922,0,0,0,1922000
1923,0,0,0,1923000
1924,0,0,0,1924000
1925,0,0,0,1925000
1926,0,6,-1.2,1926000
1927,0,1,-0.2,1927000
1928,0,0,0,1928000
1929,0,0,0,1929000
1930,0,1,-0.2,1930000
1931,0,0,0,1931000
1932,0,0,0,1932000
1933,0,0,0,1933000
1934,0,0,0,1934000
1935,0,0,0,1935000
1936,0,0,0,1936000
1937,0,0,0,1937000
1938,0,0,0,1938000
1939,0,0,0,1939000
1940,0,0,0,1940000
1941,0,0,0,1941000
1942,0,0,0,1942000
1943,0,0,0,1943000
1944,0,0,0,1944000
1945,0,0,0,1945000
1946,0,0,0,1946000
1947,0,0,0,1947000
1948,0,0,0,1948000
1949,0,0,0,1949000
1950,0,0,0,1950000
1951,0,0,0,1951000
1952,0,0,0,1952000
1953,0,0,0,1953000
1954,0,0,0,1954000
1955,0,0,0,1955000
1956,0,0,0,1956000
1957,0,0,0,1957000
1958,0,0,0,1958000
1959,0,0,0,1959000
1960,0,0,0,1960000
1961,0,0,0,1961000
1962,0,0,0,1962000
1963,0,0,0,1963000
1964,0,0,0,1964000
1965,0,0,0,1965000
1966,0,0,0,1966000
1967,0,0,0,1967000
1968,0,0,0,1968000
1969,0,0,0,1969000
1970,0,0,0,1970000
1971,0,0,0,1971000
1972,0,0,0,1972000
1973,0,0,0,1973000
1974,0,0,0,1974000
1975,0,0,0,1975000
1976,0,0,0,1976000
1977,0,0,0,1977000
1978,0,0,0,1978000
1979,0,0,0,1979000
1980,0,0,0,1980000
1981,0,0,0,1981000
1982,0,0,0,1982000
1983,1,0,1,1983000
1984,1,0,1,1984000
1985,0,0,0,1985000
1986,0,0,0,1986000
1987,0,1,-0.2,1987000
1988,0,0,0,1988000
1989,0,0,0,1989000
1990,0,0,0,1990000
1991,0,0,0,1991000
1992,0,0,0,1992000
1993,0,0,0,1993000
1994,0,0,0,1994000
1995,0,0,0,1995000
1996,0,0,0,1996000
1997,0,0,0,1997000
1998,0,0,0,1998000
1999,0,0,0,1999000
2000,0,0,0,2000000
2001,0,0,0,2001000
2002,0,0,0,2002000
2003,0,0,0,2003000
2004,0,0,0,2004000
2005,0,0,0,2005000
2006,0,9,-1.8,2006000
2007,0,0,0,2007000
2008,0,0,0,2008000
2009,0,0,0,2009000
2010,0,2,-0.4,2010000
2011,0,0,0,2011000
2012,0,0,0,2012000
2013,0,0,0,2013000
2014,0,0,0,2014000
2015,0,0,0,2015000
2016,0,0,0,2016000
2017,0,0,0,2017000
2018,0,0,0,2018000
2019,0,0,0,2019000
2020,0,0,0,2020000
2021,0,0,0,2021000
2022,0,0,0,2022000
2023,0,0,0,2023000
2024,0,0,0,2024000
2025,0,0,0,2025000
2026,0,0,0,2026000
2027,0,0,0,2027000
2028,0,0,0,2028000
2029,0,0,0,2029000
2030,0,0,0,2030000
2031,0,0,0,2031000
2032,0,0,0,2032000
2033,0,0,0,2033000
2034,0,0,0,2034000
2035,0,0,0,2035000
2036,0,0,0,2036000
2037,0,0,0,2037000
2038,0,0,0,2038000
2039,0,0,0,2039000
2040,0,0,0,2040000
2041,0,0,0,2041000
2042,0,0,0,2042000
2043,0,0,0,2043000
2044,1,0,1,2044000
2045,0,0,0,2045000
2046,0,0,0,2046000
2047,0,0,0,2047000
2048,0,0,0,2048000
2049,0,0,0,2049000
2050,0,0,0,2050000
2051,0,0,0,2051000
2052,0,0,0,2052000
2053,0,0,0,2053000
2054,0,0,0,2054000
2055,0,0,0,2055000
2056,0,0,0,2056000
2057,0,0,0,2057000
2058,0,10,-2,2058000
2059,0,0,0,2059000
2060,0,0,0,2060000
2061,0,0,0,2061000
2062,0,0,0,2062000
2063,0,0,0,2063000
2064,0,0,0,2064000
2065,0,0,0,2065000
2066,0,0,0,2066000
2067,0,0,0,2067000
2068,0,0,0,2068000
2069,0,0,0,2069000
2070,0,0,0,2070000
2071,0,0,0,2071000
2072,0,0,0,2072000
2073,0,0,0,2073000
2074,0,0,0,2074000
2075,0,0,0,2075000
2076,0,0,0,2076000
2077,0,0,0,2077000
2078,0,0,0,2078000
2079,0,0,0,2079000
2080,0,0,0,2080000
2081,0,0,0,2081000
2082,0,0,0,2082000
2083,0,0,0,2083000
2084,0,0,0,2084000
2085,0,0,0,2085000
2086,0,0,0,2086000
2087,0,0,0,2087000
2088,0,0,0,2088000
2089,0,0,0,2089000
2090,0,0,0,2090000
2091,0,0,0,2091000
2092,0,0,0,2092000
2093,0,5,-1,2093000
2094,0,0,0,2094000
2095,0,0,0,2095000
2096,0,0,0,2096000
2097,0,0,0,2097000
2098,0,0,0,2098000
2099,0,0,0,2099000
2100,0,0,0,2100000
2101,0,0,0,2101000
2102,0,0,0,2102000
2103,0,0,0,2103000
2104,0,0,0,2104000
2105,0,0,0,2105000
2106,0,0,0,2106000
2107,0,0,0,2107000
2108,0,0,0,2108000
2109,0,0,0,2109000
2110,0,0,0,2110000
2111,0,0,0,2111000
2112,0,0,0,2112000
2113,0,0,0,2113000
2114,0,0,0,2114000
2115,0,0,0,2115000
2116,0,0,0,2116000
2117,0,0,0,2117000
2118,0,0,0,2118000
2119,0,2,-0.4,2119000
2120,0,0,0,2120000
2121,0,0,0,2121000
2122,0,0,0,2122000
2123,0,0,0,2123000
2124,0,0,0,2124000
2125,0,0,0,2125000
2126,0,0,0,2126000
2127,0,0,0,2127000
2128,0,0,0,2128000
2129,0,0,0,2129000
2130,0,0,0,2130000
2131,0,0,0,2131000
2132,0,0,0,2132000
2133,-1,7,-2.4,2133000
2134,0,0,0,2134000
2135,0,0,0,2135000
2136,0,0,0,2136000
2137,0,0,0,2137000
2138,0,0,0,2138000
2139,1,0,1,2139000
2140,0,0,0,2140000
2141,0,0,0,2141000
2142,0,0,0,2142000
2143,0,0,0,2143000
2144,0,0,0,2144000
2145,0,0,0,2145000
2146,0,0,0,2146000
2147,0,0,0,2147000
2148,0,0,0,2148000
2149,0,0,0,2149000
2150,1,0,1,2150000
2151,0,0,0,2151000
2152,0,0,0,2152000
2153,0,0,0,2153000
2154,0,0,0,2154000
2155,0,0,0,2155000
2156,0,0,0,2156000
2157,0,0,0,2157000
2158,0,0,0,2158000
2159,0,0,0,2159000
2160,0,0,0,2160000
2161,0,0,0,2161000
2162,0,0,0,2162000
2163,0,0,0,2163000
2164,0,0,0,2164000
2165,0,0,0,2165000
2166,0,0,0,2166000
2167,0,0,0,2167000
2168,0,0,0,2168000
2169,0,0,0,2169000
2170,0,0,0,2170000
2171,0,0,0,2171000
2172,0,0,0,2172000
2173,0,0,0,2173000
2174,1,0,1,2174000
2175,0,0,0,2175000
2176,1,0,1,2176000
2177,0,0,0,2177000
2178,0,0,0,2178000
2179,0,0,0,2179000
2180,0,0,0,2180000
2181,0,0,0,2181000
2182,0,0,0,2182000
2183,0,0,0,2183000
2184,0,4,-0.8,2184000
2185,0,0,0,2185000
2186,0,0,0,2186000
2187,0,0,0,2187000
2188,0,0,0,2188000
2189,0,0,0,2189000
2190,1,0,1,2190000
2191,0,0,0,2191000
2192,0,0,0,2192000
2193,0,0,0,2193000
2194,0,0,0,2194000
2195,0,0,0,2195000
2196,0,0,0,2196000
2197,0,0,0,2197000
2198,0,0,0,2198000
2199,0,6,-1.2,2199000
2200,0,0,0,2200000
2201,0,0,0,2201000
2202,1,0,1,2202000
2203,0,0,0,2203000
2204,0,0,0,2204000
2205,0,0,0,2205000
2206,0,0,0,2206000
2207,0,0,0,2207000
2208,0,0,0,2208000
2209,0,0,0,2209000
2210,0,0,0,2210000
2211,0,0,0,2211000
2212,1,0,1,2212000
2213,0,0,0,2213000
2214,0,5,-1,2214000
2215,0,0,0,2215000
2216,0,1,-0.2,2216000
2217,0,0,0,2217000
2218,0,0,0,2218000
2219,0,0,0,2219000
2220,0,0,0,2220000
2221,0,0,0,2221000
2222,0,0,0,2222000
2223,0,0,0,2223000
2224,0,0,0,2224000
2225,0,0,0,2225000
2226,0,0,0,2226000
2227,0,0,0,2227000
2228,0,0,0,2228000
2229,0,0,0,2229000
2230,0,0,0,2230000
2231,0,0,0,2231000
2232,0,0,0,2232000
2233,0,0,0,2233000
2234,0,0,0,2234000
2235,0,0,0,2235000
2236,0,1,-0.2,2236000
2237,0,0,0,2237000
2238,0,0,0,2238000
2239,0,0,0,2239000
2240,0,0,0,2240000
2241,0,0,0,2241000
2242,0,0,0,2242000
2243,0,0,0,2243000
2244,0,0,0,2244000
2245,0,0,0,2245000
2246,0,0,0,2246000
2247,0,0,0,2247000
2248,0,0,0,2248000
2249,0,0,0,2249000
2250,0,0,0,2250000
2251,0,2,-0.4,2251000
2252,0,0,0,2252000
2253,0,0,0,2253000
2254,0,0,0,2254000
2255,0,0,0,2255000
2256,0,0,0,2256000
2257,0,3,-0.6,2257000
2258,0,0,0,2258000
2259,0,0,0,2259000
2260,0,0,0,2260000
2261,0,0,0,2261000
2262,0,0,0,2262000
2263,0,0,0,2263000
2264,0,0,0,2264000
2265,0,0,0,2265000
2266,0,0,0,2266000
2267,0,0,0,2267000
2268,0,0,0,2268000
2269,1,0,1,2269000
2270,0,0,0,2270000
2271,0,0,0,2271000
2272,0,0,0,2272000
2273,0,0,0,2273000
2274,0,0,0,2274000
2275,0,0,0,2275000
2276,1,0,1,2276000
2277,0,0,0,2277000
2278,0,0,0,2278000
2279,0,0,0,2279000
2280,0,0,0,2280000
2281,0,0,0,2281000
2282,0,0,0,2282000
2283,0,0,0,2283000
2284,0,0,0,2284000
2285,0,0,0,2285000
2286,0,0,0,2286000
2287,0,0,0,2287000
2288,0,0,0,2288000
2289,0,0,0,2289000
2290,1,0,1,2290000
2291,1,0,1,2291000
2292,0,0,0,2292000
2293,0,0,0,2293000
2294,1,0,1,2294000
2295,0,2,-0.4,2295000
2296,0,0,0,2296000
2297,0,0,0,2297000
2298,0,0,0,2298000
2299,0,0,0,2299000
2300,1,0,1,2300000
2301,1,2,0.6,2301000
2302,0,0,0,2302000
2303,0,0,0,2303000
2304,0,0,0,2304000
2305,0,0,0,2305000
2306,0,0,0,2306000
2307,0,2,-0.4,2307000
2308,0,0,0,2308000
2309,0,0,0,2309000
2310,0,0,0,2310000
2311,0,0,0,2311000
2312,0,0,0,2312000
2313,0,0,0,2313000
2314,1,0,1,2314000
2315,0,0,0,2315000
2316,0,0,0,2316000
2317,0,0,0,2317000
2318,0,0,0,2318000
2319,0,0,0,2319000
2320,0,0,0,2320000
2321,0,0,0,2321000
2322,0,0,0,2322000
2323,0,0,0,2323000
2324,0,0,0,2324000
2325,0,0,0,2325000
2326,0,0,0,2326000
2327,0,0,0,2327000
2328,0,0,0,2328000
2329,0,0,0,2329000
2330,0,0,0,2330000
2331,0,0,0,2331000
2332,0,0,0,2332000
2333,0,0,0,2333000
2334,0,0,0,2334000
2335,0,0,0,2335000
2336,0,1,-0.2,2336000
2337,0,0,0,2337000
2338,0,0,0,2338000
2339,0,0,0,2339000
2340,0,0,0,2340000
2341,0,0,0,2341000
2342,0,2,-0.4,2342000
2343,0,0,0,2343000
2344,0,0,0,2344000
2345,1,2,0.6,2345000
2346,0,0,0,2346000
2347,0,0,0,2347000
2348,0,0,0,2348000
2349,0,0,0,2349000
2350,0,0,0,2350000
2351,0,0,0,2351000
2352,0,0,0,2352000
2353,0,0,0,2353000
2354,1,0,1,2354000
2355,0,0,0,2355000
2356,0,0,0,2356000
2357,0,0,0,2357000
2358,0,0,0,2358000
2359,0,0,0,2359000
2360,0,0,0,2360000
2361,0,0,0,2361000
2362,0,0,0,2362000
2363,0,0,0,2363000
2364,0,0,0,2364000
2365,0,0,0,2365000
2366,1,2,0.6,2366000
2367,0,0,0,2367000
2368,0,1,-0.2,2368000
2369,0,0,0,2369000
2370,1,0,1,2370000
2371,0,0,0,2371000
2372,0,4,-0.8,2372000
2373,0,0,0,2373000
2374,0,0,0,2374000
2375,0,0,0,2375000
2376,0,3,-0.6,2376000
2377,0,0,0,2377000
2378,1,0,1,2378000
2379,0,0,0,2379000
2380,0,0,0,2380000
2381,0,0,0,2381000
2382,0,0,0,2382000
2383,0,0,0,2383000
2384,0,0,0,2384000
2385,0,1,-0.2,2385000
2386,0,0,0,2386000
2387,0,0,0,2387000
2388,0,0,0,2388000
2389,0,0,0,2389000
2390,0,2,-0.4,2390000
2391,0,0,0,2391000
2392,0,0,0,2392000
2393,0,0,0,2393000
2394,0,0,0,2394000
2395,0,0,0,2395000
2396,0,0,0,2396000
2397,0,0,0,2397000
2398,0,0,0,2398000
2399,0,0,0,2399000
2400,0,0,0,2400000
2401,0,0,0,2401000
2402,0,0,0,2402000
2403,0,0,0,2403000
2404,0,0,0,2404000
2405,0,0,0,2405000
2406,0,0,0,2406000
2407,0,0,0,2407000
2408,0,0,0,2408000
2409,0,0,0,2409000
2410,0,0,0,2410000
2411,0,0,0,2411000
2412,0,0,0,2412000
2413,0,0,0,2413000
2414,0,0,0,2414000
2415,0,0,0,2415000
2416,0,0,0,2416000
2417,0,0,0,2417000
2418,0,0,0,2418000
2419,0,0,0,2419000
2420,0,0,0,2420000
2421,0,0,0,2421000
2422,0,0,0,2422000
2423,0,0,0,2423000
2424,0,0,0,2424000
2425,0,0,0,2425000
2426,0,0,0,2426000
2427,0,0,0,2427000
2428,0,0,0,2428000
2429,1,0,1,2429000
2430,0,0,0,2430000
2431,0,0,0,2431000
2432,0,0,0,2432000
2433,0,0,0,2433000
2434,0,0,0,2434000
2435,0,0,0,2435000
2436,0,0,0,2436000
2437,0,0,0,2437000
2438,0,0,0,2438000
2439,0,0,0,2439000
2440,0,0,0,2440000
2441,0,0,0,2441000
2442,0,0,0,2442000
2443,0,0,0,2443000
2444,0,0,0,2444000
2445,0,0,0,2445000
2446,0,0,0,2446000
2447,0,0,0,2447000
2448,0,0,0,2448000
2449,0,0,0,2449000
2450,0,0,0,2450000
2451,0,0,0,2451000
2452,0,0,0,2452000
2453,0,0,0,2453000
2454,0,0,0,2454000
2455,0,0,0,2455000
2456,0,0,0,2456000
2457,0,0,0,2457000
2458,0,0,0,2458000
2459,0,1,-0.2,2459000
2460,0,0,0,2460000
2461,0,0,0,2461000
2462,0,0,0,2462000
2463,0,0,0,2463000
2464,1,0,1,2464000
2465,0,1,-0.2,2465000
2466,0,0,0,2466000
2467,0,0,0,2467000
2468,0,0,0,2468000
2469,0,0,0,2469000
2470,0,0,0,2470000
2471,0,0,0,2471000
2472,0,0,0,2472000
2473,0,0,0,2473000
2474,0,0,0,2474000
2475,0,7,-1.4,2475000
2476,1,0,1,2476000
2477,0,0,0,2477000
2478,0,0,0,2478000
2479,1,0,1,2479000
2480,0,0,0,2480000
2481,0,0,0,2481000
2482,0,0,0,2482000
2483,0,0,0,2483000
2484,0,0,0,2484000
2485,0,0,0,2485000
2486,0,0,0,2486000
2487,0,0,0,2487000
2488,0,0,0,2488000
2489,0,0,0,2489000
2490,0,0,0,2490000
2491,0,2,-0.4,2491000
2492,0,1,-0.2,2492000
2493,0,0,0,2493000
2494,0,0,0,2494000
2495,0,0,0,2495000
2496,0,0,0,2496000
2497,0,0,0,2497000
2498,0,0,0,2498000
2499,0,0,0,2499000
2500,0,0,0,2500000
2501,0,0,0,2501000
2502,0,0,0,2502000
2503,0,0,0,2503000
2504,0,0,0,2504000
2505,1,0,1,2505000
2506,0,0,0,2506000
2507,0,0,0,2507000
2508,0,0,0,2508000
2509,0,0,0,2509000
2510,-1,2,-1.4,2510000
2511,0,0,0,2511000
2512,0,0,0,2512000
2513,0,0,0,2513000
2514,0,0,0,2514000
2515,0,0,0,2515000
2516,0,0,0,2516000
2517,0,0,0,2517000
2518,0,0,0,2518000
2519,0,0,0,2519000
2520,0,3,-0.6,2520000
2521,0,0,0,2521000
2522,1,0,1,2522000
2523,0,0,0,2523000
2524,0,0,0,2524000
2525,0,0,0,2525000
2526,0,0,0,2526000
2527,0,0,0,2527000
2528,0,0,0,2528000
2529,0,0,0,2529000
2530,1,0,1,2530000
2531,0,6,-1.2,2531000
2532,0,0,0,2532000
2533,0,3,-0.6,2533000
2534,0,0,0,2534000
2535,0,0,0,2535000
2536,0,0,0,2536000
2537,0,0,0,2537000
2538,0,9,-1.8,2538000
2539,0,0,0,2539000
2540,0,7,-1.4,2540000
2541,0,0,0,2541000
2542,0,0,0,2542000
2543,0,1,-0.2,2543000
2544,0,2,-0.4,2544000
2545,0,0,0,2545000
2546,0,0,0,2546000
2547,0,0,0,2547000
2548,1,0,1,2548000
2549,0,0,0,2549000
2550,0,0,0,2550000
2551,0,0,0,2551000
2552,0,5,-1,2552000
2553,0,0,0,2553000
2554,0,0,0,2554000
2555,0,0,0,2555000
2556,0,0,0,2556000
2557,0,0,0,2557000
2558,0,0,0,2558000
2559,0,0,0,2559000
2560,0,0,0,2560000
2561,0,0,0,2561000
2562,0,0,0,2562000
2563,0,3,-0.6,2563000
2564,0,0,0,2564000
2565,0,0,0,2565000
2566,0,0,0,2566000
2567,0,0,0,2567000
2568,0,0,0,2568000
2569,0,0,0,2569000
2570,0,0,0,2570000
2571,1,0,1,2571000
2572,0,0,0,2572000
2573,0,0,0,2573000
2574,0,0,0,2574000
2575,0,0,0,2575000
2576,0,3,-0.6,2576000
2577,0,0,0,2577000
2578,0,0,0,2578000
2579,0,0,0,2579000
2580,0,0,0,2580000
2581,0,0,0,2581000
2582,0,7,-1.4,2582000
2583,0,0,0,2583000
2584,0,0,0,2584000
2585,1,0,1,2585000
2586,1,0,1,2586000
2587,0,0,0,2587000
2588,0,0,0,2588000
2589,0,0,0,2589000
2590,0,0,0,2590000
2591,0,0,0,2591000
2592,0,0,0,2592000
2593,0,0,0,2593000
2594,0,0,0,2594000
2595,0,0,0,2595000
2596,1,0,1,2596000
2597,0,0,0,2597000
2598,1,0,1,2598000
2599,0,0,0,2599000
2600,0,0,0,2600000
2601,1,0,1,2601000
2602,0,0,0,2602000
2603,0,0,0,2603000
2604,0,0,0,2604000
2605,0,0,0,2605000
2606,0,0,0,2606000
2607,0,0,0,2607000
2608,1,0,1,2608000
2609,0,0,0,2609000
2610,0,0,0,2610000
2611,0,3,-0.6,2611000
2612,0,0,0,2612000
2613,0,0,0,2613000
2614,0,0,0,2614000
2615,0,0,0,2615000
2616,0,0,0,2616000
2617,0,0,0,2617000
2618,0,0,0,2618000
2619,0,0,0,2619000
2620,0,0,0,2620000
2621,0,0,0,2621000
2622,0,0,0,2622000
2623,0,0,0,2623000
2624,0,0,0,2624000
2625,0,0,0,2625000
2626,0,0,0,2626000
2627,0,0,0,2627000
2628,0,0,0,2628000
2629,1,0,1,2629000
2630,0,0,0,2630000
2631,0,0,0,2631000
2632,0,0,0,2632000
2633,0,0,0,2633000
2634,0,0,0,2634000
2635,0,0,0,2635000
2636,0,0,0,2636000
2637,1,0,1,2637000
2638,0,0,0,2638000
2639,0,0,0,2639000
2640,0,0,0,2640000
2641,0,0,0,2641000
2642,0,0,0,2642000
2643,0,0,0,2643000
2644,0,0,0,2644000
2645,0,1,-0.2,2645000
2646,0,0,0,2646000
2647,0,0,0,2647000
2648,0,0,0,2648000
2649,0,0,0,2649000
2650,0,0,0,2650000
2651,0,0,0,2651000
2652,0,0,0,2652000
2653,0,0,0,2653000
2654,0,0,0,2654000
2655,0,0,0,2655000
2656,0,0,0,2656000
2657,0,0,0,2657000
2658,0,0,0,2658000
2659,0,0,0,2659000
2660,0,0,0,2660000
2661,0,0,0,2661000
2662,0,1,-0.2,2662000
2663,0,0,0,2663000
2664,0,0,0,2664000
2665,0,0,0,2665000
2666,0,1,-0.2,2666000
2667,0,0,0,2667000
2668,0,0,0,2668000
2669,0,0,0,2669000
2670,0,0,0,2670000
2671,0,0,0,2671000
2672,0,0,0,2672000
2673,0,0,0,2673000
2674,0,0,0,2674000
2675,0,0,0,2675000
2676,0,0,0,2676000
2677,0,0,0,2677000
2678,0,0,0,2678000
2679,0,0,0,2679000
2680,0,0,0,2680000
2681,0,0,0,2681000
2682,0,0,0,2682000
2683,0,0,0,2683000
2684,1,0,1,2684000
2685,0,0,0,2685000
2686,0,0,0,2686000
2687,0,0,0,2687000
2688,0,0,0,2688000
2689,0,0,0,2689000
2690,0,0,0,2690000
2691,0,0,0,2691000
2692,1,0,1,2692000
2693,1,0,1,2693000
2694,0,0,0,2694000
2695,0,0,0,2695000
2696,0,0,0,2696000
2697,0,0,0,2697000
2698,0,0,0,2698000
2699,0,0,0,2699000
2700,0,0,0,2700000
2701,0,0,0,2701000
2702,0,0,0,2702000
2703,0,0,0,2703000
2704,0,0,0,2704000
2705,0,2,-0.4,2705000
2706,1,0,1,2706000
2707,0,0,0,2707000
2708,0,0,0,2708000
2709,0,0,0,2709000
2710,0,0,0,2710000
2711,0,0,0,2711000
2712,0,0,0,2712000
2713,0,0,0,2713000
2714,0,0,0,2714000
2715,0,0,0,2715000
2716,0,0,0,2716000
2717,1,3,0.4,2717000
2718,0,0,0,2718000
2719,0,0,0,2719000
2720,0,0,0,2720000
2721,0,0,0,2721000
2722,0,0,0,2722000
2723,0,3,-0.6,2723000
2724,0,0,0,2724000
2725,0,0,0,2725000
2726,0,0,0,2726000
2727,0,0,0,2727000
2728,0,0,0,2728000
2729,0,0,0,2729000
2730,0,0,0,2730000
2731,0,0,0,2731000
2732,0,0,0,2732000
2733,0,0,0,2733000
2734,0,0,0,2734000
2735,0,0,0,2735000
2736,0,0,0,2736000
2737,0,0,0,2737000
2738,0,0,0,2738000
2739,0,0,0,2739000
2740,0,0,0,2740000
2741,0,0,0,2741000
2742,0,0,0,2742000
2743,0,0,0,2743000
2744,0,0,0,2744000
2745,0,0,0,2745000
2746,0,0,0,2746000
2747,0,0,0,2747000
2748,0,0,0,2748000
2749,0,0,0,2749000
2750,0,2,-0.4,2750000
2751,0,0,0,2751000
2752,0,0,0,2752000
2753,0,0,0,2753000
2754,0,0,0,2754000
2755,0,0,0,2755000
2756,0,0,0,2756000
2757,0,0,0,2757000
2758,0,0,0,2758000
2759,0,0,0,2759000
2760,0,0,0,2760000
2761,0,0,0,2761000
2762,1,0,1,2762000
2763,0,0,0,2763000
2764,0,0,0,2764000
2765,0,0,0,2765000
2766,0,0,0,2766000
2767,0,0,0,2767000
2768,0,0,0,2768000
2769,0,0,0,2769000
2770,0,0,0,2770000
2771,0,0,0,2771000
2772,0,0,0,2772000
2773,1,0,1,2773000
2774,0,0,0,2774000
2775,0,0,0,2775000
2776,0,0,0,2776000
2777,0,0,0,2777000
2778,0,0,0,2778000
2779,1,0,1,2779000
2780,0,0,0,2780000
2781,0,0,0,2781000
2782,0,0,0,2782000
2783,0,0,0,2783000
2784,0,0,0,2784000
2785,0,0,0,2785000
2786,0,0,0,2786000
2787,0,0,0,2787000
2788,0,0,0,2788000
2789,0,0,0,2789000
2790,0,0,0,2790000
2791,0,0,0,2791000
2792,0,0,0,2792000
2793,0,0,0,2793000
2794,0,0,0,2794000
2795,0,0,0,2795000
2796,0,0,0,2796000
2797,0,0,0,2797000
2798,0,0,0,2798000
2799,0,0,0,2799000
2800,0,0,0,2800000
2801,1,0,1,2801000
2802,0,0,0,2802000
2803,0,0,0,2803000
2804,0,0,0,2804000
2805,0,0,0,2805000
2806,0,0,0,2806000
2807,0,0,0,2807000
2808,0,0,0,2808000
2809,0,0,0,2809000
2810,0,7,-1.4,2810000
2811,0,0,0,2811000
2812,0,0,0,2812000
2813,0,0,0,2813000
2814,0,0,0,2814000
2815,0,0,0,2815000
2816,0,0,0,2816000
2817,0,0,0,2817000
2818,0,0,0,2818000
2819,0,0,0,2819000
2820,1,1,0.8,2820000
2821,0,0,0,2821000
2822,0,0,0,2822000
2823,0,0,0,2823000
2824,0,0,0,2824000
2825,0,0,0,2825000
2826,0,0,0,2826000
2827,0,0,0,2827000
2828,0,0,0,2828000
2829,0,0,0,2829000
2830,1,0,1,2830000
2831,0,0,0,2831000
2832,0,0,0,2832000
2833,0,0,0,2833000
2834,0,0,0,2834000
2835,0,0,0,2835000
2836,0,0,0,2836000
2837,0,0,0,2837000
2838,0,0,0,2838000
2839,0,0,0,2839000
2840,0,0,0,2840000
2841,0,0,0,2841000
2842,0,0,0,2842000
2843,0,1,-0.2,2843000
2844,0,0,0,2844000
2845,0,0,0,2845000
2846,0,0,0,2846000
2847,0,0,0,2847000
2848,0,0,0,2848000
2849,0,0,0,2849000
2850,0,0,0,2850000
2851,0,0,0,2851000
2852,0,0,0,2852000
2853,0,0,0,2853000
2854,0,0,0,2854000
2855,0,5,-1,2855000
2856,0,0,0,2856000
2857,0,0,0,2857000
2858,0,1,-0.2,2858000
2859,0,0,0,2859000
2860,0,0,0,2860000
2861,0,0,0,2861000
2862,0,0,0,2862000
2863,0,0,0,2863000
2864,0,0,0,2864000
2865,0,0,0,2865000
2866,0,0,0,2866000
2867,0,0,0,2867000
2868,0,0,0,2868000
2869,0,0,0,2869000
2870,0,0,0,2870000
2871,0,0,0,2871000
2872,0,0,0,2872000
2873,0,0,0,2873000
2874,0,0,0,2874000
2875,0,0,0,2875000
2876,0,0,0,2876000
2877,0,0,0,2877000
2878,0,0,0,2878000
2879,0,0,0,2879000
2880,0,0,0,2880000
2881,0,0,0,2881000
2882,0,0,0,2882000
2883,1,0,1,2883000
2884,0,0,0,2884000
2885,0,0,0,2885000
2886,0,0,0,2886000
2887,0,0,0,2887000
2888,0,0,0,2888000
2889,0,0,0,2889000
2890,0,0,0,2890000
2891,0,5,-1,2891000
2892,0,0,0,2892000
2893,0,0,0,2893000
2894,0,0,0,2894000
2895,0,0,0,2895000
2896,0,0,0,2896000
2897,0,0,0,2897000
2898,0,0,0,2898000
2899,0,0,0,2899000
2900,0,0,0,2900000
2901,0,0,0,2901000
2902,0,0,0,2902000
2903,0,0,0,2903000
2904,0,0,0,2904000
2905,0,1,-0.2,2905000
2906,0,0,0,2906000
2907,0,0,0,2907000
2908,0,0,0,2908000
2909,0,0,0,2909000
2910,0,0,0,2910000
2911,0,0,0,2911000
2912,0,0,0,2912000
2913,0,0,0,2913000
2914,0,0,0,2914000
2915,0,0,0,2915000
2916,0,0,0,2916000
2917,1,0,1,2917000
2918,0,0,0,2918000
2919,0,0,0,2919000
2920,0,0,0,2920000
2921,0,0,0,2921000
2922,0,0,0,2922000
2923,0,0,0,2923000
2924,0,0,0,2924000
2925,0,0,0,2925000
2926,0,0,0,2926000
2927,0,0,0,2927000
2928,0,0,0,2928000
2929,0,0,0,2929000
2930,0,0,0,2930000
2931,0,0,0,2931000
2932,0,0,0,2932000
2933,0,0,0,2933000
2934,0,0,0,2934000
2935,0,0,0,2935000
2936,0,0,0,2936000
2937,0,0,0,2937000
2938,0,0,0,2938000
2939,0,0,0,2939000
2940,0,0,0,2940000
2941,0,0,0,2941000
2942,0,4,-0.8,2942000
2943,0,0,0,2943000
2944,1,0,1,2944000
2945,0,0,0,2945000
2946,0,0,0,2946000
2947,0,0,0,2947000
2948,0,0,0,2948000
2949,0,0,0,2949000
2950,0,0,0,2950000
2951,0,0,0,2951000
2952,0,0,0,2952000
2953,0,0,0,2953000
2954,0,0,0,2954000
2955,0,0,0,2955000
2956,0,0,0,2956000
2957,1,0,1,2957000
2958,0,0,0,2958000
2959,0,0,0,2959000
2960,1,3,0.4,2960000
2961,0,0,0,2961000
2962,0,0,0,2962000
2963,0,0,0,2963000
2964,1,0,1,2964000
2965,0,0,0,2965000
2966,0,0,0,2966000
2967,0,0,0,2967000
2968,0,0,0,2968000
2969,0,0,0,2969000
2970,0,0,0,2970000
2971,0,0,0,2971000
2972,0,0,0,2972000
2973,0,0,0,2973000
2974,0,0,0,2974000
2975,0,0,0,2975000
2976,0,0,0,2976000
2977,0,0,0,2977000
2978,0,0,0,2978000
2979,0,0,0,2979000
2980,1,0,1,2980000
2981,0,8,-1.6,2981000
2982,0,0,0,2982000
2983,0,0,0,2983000
2984,0,9,-1.8,2984000
2985,0,0,0,2985000
2986,0,0,0,2986000
2987,0,0,0,2987000
2988,0,0,0,2988000
2989,0,0,0,2989000
2990,0,7,-1.4,2990000
2991,0,0,0,2991000
2992,0,0,0,2992000
2993,0,0,0,2993000
2994,0,0,0,2994000
2995,0,0,0,2995000
2996,0,0,0,2996000
2997,0,10,-2,2997000
2998,0,0,0,2998000
2999,0,0,0,2999000
3000,0,0,0,3000000
3001,0,3,-0.6,3001000
3002,0,0,0,3002000
3003,0,0,0,3003000
3004,0,0,0,3004000
3005,0,0,0,3005000
3006,0,0,0,3006000
3007,0,0,0,3007000
3008,0,0,0,3008000
3009,0,0,0,3009000
3010,0,0,0,3010000
3011,0,0,0,3011000
3012,0,0,0,3012000
3013,0,0,0,3013000
3014,0,0,0,3014000
3015,0,0,0,3015000
3016,0,3,-0.6,3016000
3017,0,0,0,3017000
3018,0,2,-0.4,3018000
3019,0,0,0,3019000
3020,0,0,0,3020000
3021,0,2,-0.4,3021000
3022,0,0,0,3022000
3023,0,0,0,3023000
3024,0,0,0,3024000
3025,0,2,-0.4,3025000
3026,0,0,0,3026000
3027,0,2,-0.4,3027000
3028,0,0,0,3028000
3029,0,0,0,3029000
3030,0,0,0,3030000
3031,0,0,0,3031000
3032,0,0,0,3032000
3033,0,0,0,3033000
3034,0,0,0,3034000
3035,0,2,-0.4,3035000
3036,0,0,0,3036000
3037,0,0,0,3037000
3038,0,0,0,3038000
3039,0,0,0,3039000
3040,0,0,0,3040000
3041,0,0,0,3041000
3042,1,0,1,3042000
3043,0,0,0,3043000
3044,0,0,0,3044000
3045,0,1,-0.2,3045000
3046,0,0,0,3046000
3047,0,1,-0.2,3047000
3048,0,0,0,3048000
3049,0,4,-0.8,3049000
3050,0,0,0,3050000
3051,0,0,0,3051000
3052,0,0,0,3052000
3053,0,0,0,3053000
3054,0,0,0,3054000
3055,0,0,0,3055000
3056,0,0,0,3056000
3057,0,0,0,3057000
3058,0,0,0,3058000
3059,0,0,0,3059000
3060,1,0,1,3060000
3061,0,0,0,3061000
3062,0,0,0,3062000
3063,0,0,0,3063000
3064,0,0,0,3064000
3065,0,0,0,3065000
3066,0,0,0,3066000
3067,0,0,0,3067000
3068,0,0,0,3068000
3069,0,0,0,3069000
3070,0,0,0,3070000
3071,0,0,0,3071000
3072,0,0,0,3072000
3073,0,0,0,3073000
3074,0,0,0,3074000
3075,0,0,0,3075000
3076,0,0,0,3076000
3077,0,2,-0.4,3077000
3078,0,0,0,3078000
3079,0,0,0,3079000
3080,0,0,0,3080000
3081,0,0,0,3081000
3082,0,0,0,3082000
3083,0,0,0,3083000
3084,0,0,0,3084000
3085,1,4,0.2,3085000
3086,0,0,0,3086000
3087,0,6,-1.2,3087000
3088,0,0,0,3088000
3089,0,0,0,3089000
3090,0,0,0,3090000
3091,0,0,0,3091000
3092,0,0,0,3092000
3093,0,0,0,3093000
3094,0,0,0,3094000
3095,0,0,0,3095000
3096,0,1,-0.2,3096000
3097,0,1,-0.2,3097000
3098,0,0,0,3098000
3099,0,0,0,3099000
3100,0,0,0,3100000
3101,0,0,0,3101000
3102,0,0,0,3102000
3103,0,0,0,3103000
3104,1,0,1,3104000
3105,0,0,0,3105000
3106,0,0,0,3106000
3107,0,0,0,3107000
3108,0,0,0,3108000
3109,0,0,0,3109000
3110,0,0,0,3110000
3111,0,0,0,3111000
3112,0,0,0,3112000
3113,0,1,-0.2,3113000
3114,0,0,0,3114000
3115,0,0,0,3115000
3116,0,0,0,3116000
3117,0,0,0,3117000
3118,0,0,0,3118000
3119,0,0,0,3119000
3120,0,0,0,3120000
3121,0,0,0,3121000
3122,0,0,0,3122000
3123,0,0,0,3123000
3124,0,0,0,3124000
3125,0,2,-0.4,3125000
3126,0,0,0,3126000
3127,0,0,0,3127000
3128,0,0,0,3128000
3129,0,0,0,3129000
3130,0,0,0,3130000
3131,0,0,0,3131000
3132,0,1,-0.2,3132000
3133,0,0,0,3133000
3134,0,0,0,3134000
3135,0,3,-0.6,3135000
3136,0,0,0,3136000
3137,0,0,0,3137000
3138,0,0,0,3138000
3139,0,0,0,3139000
3140,0,0,0,3140000
