Method,Episode,Pieces,WallHits,Reward,FixedUpdateCount
PPO,0,0,0,-1,1
PPO,1,1,2,-0.4,1000
PPO,2,1,0,0,2000
PPO,3,1,4,-0.8,3000
PPO,4,1,0,0,4000
PPO,5,2,0,1,5000
PPO,6,1,5,-1,6000
PPO,7,1,0,0,7000
PPO,8,1,0,0,8000
PPO,9,1,2,-0.4,9000
PPO,10,1,0,0,10000
PPO,11,1,3,-0.6,11000
PPO,12,2,0,1,12000
PPO,13,1,0,0,13000
PPO,14,1,0,0,14000
PPO,15,1,4,-0.8,15000
PPO,16,1,1,-0.2,16000
PPO,17,1,4,-0.8,17000
PPO,18,1,4,-0.8,18000
PPO,19,1,6,-1.2,19000
PPO,20,1,3,-0.6,20000
PPO,21,1,0,0,21000
PPO,22,1,0,0,22000
PPO,23,1,0,0,23000
PPO,24,1,4,-0.8,24000
PPO,25,1,2,-0.4,25000
PPO,26,1,0,0,26000
PPO,27,1,1,-0.2,27000
PPO,28,1,0,0,28000
PPO,29,1,2,-0.4,29000
PPO,30,1,0,0,30000
PPO,31,1,5,-1,31000
PPO,32,1,0,0,32000
PPO,33,1,0,0,33000
PPO,34,1,0,0,34000
PPO,35,1,8,-1.6,35000
PPO,36,1,0,0,36000
PPO,37,1,0,0,37000
PPO,38,1,5,-1,38000
PPO,39,1,3,-0.6,39000
PPO,40,1,3,-0.6,40000
PPO,41,0,6,-2.2,41000
PPO,42,1,1,-0.2,42000
PPO,43,1,0,0,43000
PPO,44,1,0,0,44000
PPO,45,1,0,0,45000
PPO,46,1,0,0,46000
PPO,47,1,0,0,47000
PPO,48,1,3,-0.6,48000
PPO,49,1,0,0,49000
PPO,50,1,0,0,50000
PPO,51,1,5,-1,51000
PPO,52,1,3,-0.6,52000
PPO,53,1,0,0,53000
PPO,54,1,3,-0.6,54000
PPO,55,1,3,-0.6,55000
PPO,56,1,4,-0.8,56000
PPO,57,1,1,-0.2,57000
PPO,58,1,2,-0.4,58000
PPO,59,1,0,0,59000
PPO,60,1,7,-1.4,60000
PPO,61,1,0,0,61000
PPO,62,1,0,0,62000
PPO,63,1,0,0,63000
PPO,64,1,0,0,64000
PPO,65,1,2,-0.4,65000
PPO,66,1,5,-1,66000
PPO,67,1,0,0,67000
PPO,68,1,2,-0.4,68000
PPO,69,1,10,-2,69000
PPO,70,1,1,-0.2,70000
PPO,71,1,3,-0.6,71000
PPO,72,1,0,0,72000
PPO,73,1,0,0,73000
PPO,74,1,0,0,74000
PPO,75,1,0,0,75000
PPO,76,1,7,-1.4,76000
PPO,77,1,0,0,77000
PPO,78,1,5,-1,78000
PPO,79,1,4,-0.8,79000
PPO,80,1,1,-0.2,80000
PPO,81,1,0,0,81000
PPO,82,1,3,-0.6,82000
PPO,83,1,8,-1.6,83000
PPO,84,1,11,-2.2,84000
PPO,85,1,0,0,85000
PPO,86,1,1,-0.2,86000
PPO,87,1,0,0,87000
PPO,88,1,0,0,88000
PPO,89,1,0,0,89000
PPO,90,1,0,0,90000
PPO,91,1,0,0,91000
PPO,92,1,2,-0.4,92000
PPO,93,1,11,-2.2,93000
PPO,94,0,8,-2.6,94000
PPO,95,1,0,0,95000
PPO,96,1,7,-1.4,96000
PPO,97,1,0,0,97000
PPO,98,1,1,-0.2,98000
PPO,99,1,1,-0.2,99000
PPO,100,1,0,0,100000
PPO,101,1,0,0,101000
PPO,102,1,0,0,102000
PPO,103,1,0,0,103000
PPO,104,1,0,0,104000
PPO,105,1,0,0,105000
PPO,106,1,5,-1,106000
PPO,107,1,0,0,107000
PPO,108,1,0,0,108000
PPO,109,1,2,-0.4,109000
PPO,110,1,0,0,110000
PPO,111,1,0,0,111000
PPO,112,1,0,0,112000
PPO,113,1,0,0,113000
PPO,114,1,0,0,114000
PPO,115,1,0,0,115000
PPO,116,1,4,-0.8,116000
PPO,117,1,0,0,117000
PPO,118,1,0,0,118000
PPO,119,1,0,0,119000
PPO,120,1,0,0,120000
PPO,121,1,7,-1.4,121000
PPO,122,0,10,-3,122000
PPO,123,1,0,0,123000
PPO,124,1,0,0,124000
PPO,125,1,0,0,125000
PPO,126,1,0,0,126000
PPO,127,1,0,0,127000
PPO,128,1,0,0,128000
PPO,129,2,5,-1.490116E-08,129000
PPO,130,1,0,0,130000
PPO,131,1,0,0,131000
PPO,132,1,5,-1,132000
PPO,133,1,12,-2.4,133000
PPO,134,1,0,0,134000
PPO,135,1,0,0,135000
PPO,136,1,0,0,136000
PPO,137,1,0,0,137000
PPO,138,1,0,0,138000
PPO,139,1,1,-0.2,139000
PPO,140,1,0,0,140000
PPO,141,1,3,-0.6,141000
PPO,142,1,0,0,142000
PPO,143,1,5,-1,143000
PPO,144,1,3,-0.6,144000
PPO,145,1,0,0,145000
PPO,146,1,0,0,146000
PPO,147,1,11,-2.2,147000
PPO,148,1,0,0,148000
PPO,149,1,0,0,149000
PPO,150,1,0,0,150000
PPO,151,1,0,0,151000
PPO,152,1,0,0,152000
PPO,153,1,1,-0.2,153000
PPO,154,1,0,0,154000
PPO,155,1,1,-0.2,155000
PPO,156,1,0,0,156000
PPO,157,1,0,0,157000
PPO,158,1,4,-0.8,158000
PPO,159,1,2,-0.4,159000
PPO,160,1,3,-0.6,160000
PPO,161,1,0,0,161000
PPO,162,1,1,-0.2,162000
PPO,163,1,0,0,163000
PPO,164,1,0,0,164000
PPO,165,1,0,0,165000
PPO,166,2,0,1,166000
PPO,167,1,1,-0.2,167000
PPO,168,1,2,-0.4,168000
PPO,169,1,0,0,169000
PPO,170,1,0,0,170000
PPO,171,1,1,-0.2,171000
PPO,172,1,0,0,172000
PPO,173,1,0,0,173000
PPO,174,1,1,-0.2,174000
PPO,175,1,1,-0.2,175000
PPO,176,1,0,0,176000
PPO,177,1,0,0,177000
PPO,178,1,0,0,178000
PPO,179,1,0,0,179000
PPO,180,1,11,-2.2,180000
PPO,181,1,0,0,181000
PPO,182,1,3,-0.6,182000
PPO,183,1,0,0,183000
PPO,184,1,2,-0.4,184000
PPO,185,1,3,-0.6,185000
PPO,186,1,0,0,186000
PPO,187,1,1,-0.2,187000
PPO,188,1,6,-1.2,188000
PPO,189,1,0,0,189000
PPO,190,1,0,0,190000
PPO,191,1,4,-0.8,191000
PPO,192,1,3,-0.6,192000
PPO,193,1,0,0,193000
PPO,194,1,0,0,194000
PPO,195,1,1,-0.2,195000
PPO,196,1,3,-0.6,196000
PPO,197,1,4,-0.8,197000
PPO,198,1,3,-0.6,198000
PPO,199,1,0,0,199000
PPO,200,1,2,-0.4,200000
PPO,201,1,0,0,201000
PPO,202,1,0,0,202000
PPO,203,1,2,-0.4,203000
PPO,204,1,3,-0.6,204000
PPO,205,1,0,0,205000
PPO,206,1,0,0,206000
PPO,207,1,0,0,207000
PPO,208,1,4,-0.8,208000
PPO,209,1,3,-0.6,209000
PPO,210,1,3,-0.6,210000
PPO,211,1,6,-1.2,211000
PPO,212,1,0,0,212000
PPO,213,0,1,-1.2,213000
PPO,214,1,0,0,214000
PPO,215,1,0,0,215000
PPO,216,1,0,0,216000
PPO,217,1,0,0,217000
PPO,218,1,0,0,218000
PPO,219,1,0,0,219000
PPO,220,1,0,0,220000
PPO,221,1,1,-0.2,221000
PPO,222,1,0,0,222000
PPO,223,1,0,0,223000
PPO,224,1,0,0,224000
PPO,225,1,0,0,225000
PPO,226,1,0,0,226000
PPO,227,1,0,0,227000
PPO,228,1,0,0,228000
PPO,229,1,0,0,229000
PPO,230,1,0,0,230000
PPO,231,2,1,0.8,231000
PPO,232,1,2,-0.4,232000
PPO,233,1,1,-0.2,233000
PPO,234,1,0,0,234000
PPO,235,1,0,0,235000
PPO,236,1,2,-0.4,236000
PPO,237,1,0,0,237000
PPO,238,1,0,0,238000
PPO,239,1,0,0,239000
PPO,240,1,0,0,240000
PPO,241,1,0,0,241000
PPO,242,1,0,0,242000
PPO,243,1,0,0,243000
PPO,244,1,0,0,244000
PPO,245,1,3,-0.6,245000
PPO,246,1,0,0,246000
PPO,247,1,3,-0.6,247000
PPO,248,1,0,0,248000
PPO,249,1,0,0,249000
PPO,250,1,0,0,250000
PPO,251,1,0,0,251000
PPO,252,1,0,0,252000
PPO,253,1,0,0,253000
PPO,254,1,0,0,254000
PPO,255,1,0,0,255000
PPO,256,1,0,0,256000
PPO,257,1,0,0,257000
PPO,258,1,0,0,258000
PPO,259,1,0,0,259000
PPO,260,1,0,0,260000
PPO,261,1,0,0,261000
PPO,262,2,0,1,262000
PPO,263,1,0,0,263000
PPO,264,1,0,0,264000
PPO,265,1,0,0,265000
PPO,266,1,1,-0.2,266000
PPO,267,1,0,0,267000
PPO,268,1,1,-0.2,268000
PPO,269,1,0,0,269000
PPO,270,1,0,0,270000
PPO,271,1,3,-0.6,271000
PPO,272,1,1,-0.2,272000
PPO,273,1,0,0,273000
PPO,274,1,0,0,274000
PPO,275,1,4,-0.8,275000
PPO,276,1,3,-0.6,276000
PPO,277,1,0,0,277000
PPO,278,1,0,0,278000
PPO,279,1,0,0,279000
PPO,280,1,0,0,280000
PPO,281,1,0,0,281000
PPO,282,1,1,-0.2,282000
PPO,283,1,2,-0.4,283000
PPO,284,1,1,-0.2,284000
PPO,285,2,0,1,285000
PPO,286,1,1,-0.2,286000
PPO,287,1,0,0,287000
PPO,288,1,0,0,288000
PPO,289,1,0,0,289000
PPO,290,1,0,0,290000
PPO,291,1,0,0,291000
PPO,292,1,0,0,292000
PPO,293,1,0,0,293000
PPO,294,1,0,0,294000
PPO,295,1,0,0,295000
PPO,296,1,0,0,296000
PPO,297,2,0,1,297000
PPO,298,1,0,0,298000
PPO,299,1,0,0,299000
PPO,300,1,0,0,300000
PPO,301,1,0,0,301000
PPO,302,1,0,0,302000
PPO,303,1,5,-1,303000
PPO,304,1,0,0,304000
PPO,305,1,0,0,305000
PPO,306,1,0,0,306000
PPO,307,1,0,0,307000
PPO,308,1,0,0,308000
PPO,309,1,0,0,309000
PPO,310,1,1,-0.2,310000
PPO,311,1,0,0,311000
PPO,312,1,1,-0.2,312000
PPO,313,1,0,0,313000
PPO,314,1,0,0,314000
PPO,315,1,0,0,315000
PPO,316,1,0,0,316000
PPO,317,1,0,0,317000
PPO,318,1,0,0,318000
PPO,319,1,0,0,319000
PPO,320,1,0,0,320000
PPO,321,1,0,0,321000
PPO,322,1,0,0,322000
PPO,323,1,1,-0.2,323000
PPO,324,1,0,0,324000
PPO,325,1,0,0,325000
PPO,326,1,0,0,326000
PPO,327,1,0,0,327000
PPO,328,1,0,0,328000
PPO,329,1,0,0,329000
PPO,330,1,0,0,330000
PPO,331,1,0,0,331000
PPO,332,1,1,-0.2,332000
PPO,333,1,0,0,333000
PPO,334,1,0,0,334000
PPO,335,1,0,0,335000
PPO,336,1,0,0,336000
PPO,337,1,0,0,337000
PPO,338,1,0,0,338000
PPO,339,1,0,0,339000
PPO,340,1,0,0,340000
PPO,341,1,0,0,341000
PPO,342,1,0,0,342000
PPO,343,1,0,0,343000
PPO,344,1,0,0,344000
PPO,345,1,0,0,345000
PPO,346,1,2,-0.4,346000
PPO,347,1,0,0,347000
PPO,348,1,0,0,348000
PPO,349,1,0,0,349000
PPO,350,1,0,0,350000
PPO,351,1,0,0,351000
PPO,352,1,0,0,352000
PPO,353,1,0,0,353000
PPO,354,1,0,0,354000
PPO,355,1,0,0,355000
PPO,356,1,0,0,356000
PPO,357,1,0,0,357000
PPO,358,1,0,0,358000
PPO,359,1,0,0,359000
PPO,360,1,0,0,360000
PPO,361,1,0,0,361000
PPO,362,1,0,0,362000
PPO,363,1,0,0,363000
PPO,364,1,2,-0.4,364000
PPO,365,2,0,1,365000
PPO,366,2,4,0.2,366000
PPO,367,1,0,0,367000
PPO,368,1,6,-1.2,368000
PPO,369,1,0,0,369000
PPO,370,1,0,0,370000
PPO,371,1,0,0,371000
PPO,372,1,0,0,372000
PPO,373,1,0,0,373000
PPO,374,1,0,0,374000
PPO,375,1,0,0,375000
PPO,376,1,0,0,376000
PPO,377,1,0,0,377000
PPO,378,1,0,0,378000
PPO,379,1,0,0,379000
PPO,380,1,0,0,380000
PPO,381,2,1,0.8,381000
PPO,382,1,0,0,382000
PPO,383,1,0,0,383000
PPO,384,1,0,0,384000
PPO,385,1,0,0,385000
PPO,386,1,0,0,386000
PPO,387,1,0,0,387000
PPO,388,1,0,0,388000
PPO,389,1,1,-0.2,389000
PPO,390,1,0,0,390000
PPO,391,1,0,0,391000
PPO,392,1,0,0,392000
PPO,393,1,0,0,393000
PPO,394,1,0,0,394000
PPO,395,1,0,0,395000
PPO,396,1,0,0,396000
PPO,397,1,0,0,397000
PPO,398,1,0,0,398000
PPO,399,1,0,0,399000
PPO,400,1,0,0,400000
PPO,401,1,0,0,401000
PPO,402,1,0,0,402000
PPO,403,1,0,0,403000
PPO,404,1,0,0,404000
PPO,405,1,0,0,405000
PPO,406,1,0,0,406000
PPO,407,2,0,1,407000
PPO,408,1,0,0,408000
PPO,409,1,0,0,409000
PPO,410,1,0,0,410000
PPO,411,1,0,0,411000
PPO,412,1,0,0,412000
PPO,413,1,0,0,413000
PPO,414,1,0,0,414000
PPO,415,1,0,0,415000
PPO,416,1,0,0,416000
PPO,417,1,0,0,417000
PPO,418,1,0,0,418000
PPO,419,1,0,0,419000
PPO,420,1,0,0,420000
PPO,421,1,0,0,421000
PPO,422,1,0,0,422000
PPO,423,1,0,0,423000
PPO,424,1,0,0,424000
PPO,425,1,0,0,425000
PPO,426,1,0,0,426000
PPO,427,1,0,0,427000
PPO,428,1,0,0,428000
PPO,429,2,10,-1,429000
PPO,430,1,10,-2,430000
PPO,431,1,0,0,431000
PPO,432,1,0,0,432000
PPO,433,1,0,0,433000
PPO,434,1,0,0,434000
PPO,435,1,0,0,435000
PPO,436,1,1,-0.2,436000
PPO,437,1,0,0,437000
PPO,438,2,0,1,438000
PPO,439,1,0,0,439000
PPO,440,1,0,0,440000
PPO,441,1,0,0,441000
PPO,442,1,0,0,442000
PPO,443,1,0,0,443000
PPO,444,1,0,0,444000
PPO,445,1,0,0,445000
PPO,446,1,0,0,446000
PPO,447,1,0,0,447000
PPO,448,1,0,0,448000
PPO,449,1,0,0,449000
PPO,450,1,0,0,450000
PPO,451,2,0,1,451000
PPO,452,1,0,0,452000
PPO,453,1,0,0,453000
PPO,454,1,0,0,454000
PPO,455,1,0,0,455000
PPO,456,1,0,0,456000
PPO,457,1,0,0,457000
PPO,458,1,0,0,458000
PPO,459,1,0,0,459000
PPO,460,1,11,-2.2,460000
PPO,461,1,0,0,461000
PPO,462,1,0,0,462000
PPO,463,1,0,0,463000
PPO,464,1,0,0,464000
PPO,465,1,0,0,465000
PPO,466,1,0,0,466000
PPO,467,1,0,0,467000
PPO,468,2,5,-1.490116E-08,468000
PPO,469,1,0,0,469000
PPO,470,1,0,0,470000
PPO,471,1,0,0,471000
PPO,472,2,0,1,472000
PPO,473,1,0,0,473000
PPO,474,2,0,1,474000
PPO,475,1,2,-0.4,475000
PPO,476,1,0,0,476000
PPO,477,1,0,0,477000
PPO,478,1,0,0,478000
PPO,479,1,0,0,479000
PPO,480,1,0,0,480000
PPO,481,1,0,0,481000
PPO,482,1,0,0,482000
PPO,483,1,0,0,483000
PPO,484,1,0,0,484000
PPO,485,1,0,0,485000
PPO,486,1,0,0,486000
PPO,487,1,2,-0.4,487000
PPO,488,1,0,0,488000
PPO,489,1,0,0,489000
PPO,490,1,0,0,490000
PPO,491,2,2,0.6,491000
PPO,492,1,1,-0.2,492000
PPO,493,1,1,-0.2,493000
PPO,494,1,0,0,494000
PPO,495,1,5,-1,495000
PPO,496,1,0,0,496000
PPO,497,1,0,0,497000
PPO,498,1,0,0,498000
PPO,499,1,0,0,499000
PPO,500,1,0,0,500000
PPO,501,1,1,-0.2,501000
PPO,502,2,3,0.4,502000
PPO,503,1,0,0,503000
PPO,504,1,0,0,504000
PPO,505,1,0,0,505000
PPO,506,1,0,0,506000
PPO,507,1,0,0,507000
PPO,508,2,7,-0.4,508000
PPO,509,1,0,0,509000
PPO,510,1,0,0,510000
PPO,511,1,0,0,511000
PPO,512,1,0,0,512000
PPO,513,1,0,0,513000
PPO,514,1,0,0,514000
PPO,515,2,0,1,515000
PPO,516,1,0,0,516000
PPO,517,1,0,0,517000
PPO,518,1,0,0,518000
PPO,519,1,0,0,519000
PPO,520,1,0,0,520000
PPO,521,1,0,0,521000
PPO,522,2,1,0.8,522000
PPO,523,1,0,0,523000
PPO,524,1,0,0,524000
PPO,525,1,0,0,525000
PPO,526,1,0,0,526000
PPO,527,1,2,-0.4,527000
PPO,528,1,0,0,528000
PPO,529,1,0,0,529000
PPO,530,1,0,0,530000
PPO,531,1,0,0,531000
PPO,532,1,0,0,532000
PPO,533,1,0,0,533000
PPO,534,1,0,0,534000
PPO,535,1,0,0,535000
PPO,536,1,0,0,536000
PPO,537,1,0,0,537000
PPO,538,1,0,0,538000
PPO,539,2,0,1,539000
PPO,540,1,0,0,540000
PPO,541,1,1,-0.2,541000
PPO,542,1,0,0,542000
PPO,543,1,0,0,543000
PPO,544,1,0,0,544000
PPO,545,1,0,0,545000
PPO,546,1,0,0,546000
PPO,547,1,0,0,547000
PPO,548,1,0,0,548000
PPO,549,1,0,0,549000
PPO,550,1,0,0,550000
PPO,551,1,0,0,551000
PPO,552,1,0,0,552000
PPO,553,1,0,0,553000
PPO,554,1,0,0,554000
PPO,555,1,0,0,555000
PPO,556,1,0,0,556000
PPO,557,1,7,-1.4,557000
PPO,558,1,0,0,558000
PPO,559,1,5,-1,559000
PPO,560,1,0,0,560000
PPO,561,1,0,0,561000
PPO,562,1,0,0,562000
PPO,563,1,0,0,563000
PPO,564,1,0,0,564000
PPO,565,1,0,0,565000
PPO,566,1,0,0,566000
PPO,567,1,0,0,567000
PPO,568,1,0,0,568000
PPO,569,1,2,-0.4,569000
PPO,570,1,0,0,570000
PPO,571,1,0,0,571000
PPO,572,1,3,-0.6,572000
PPO,573,1,0,0,573000
PPO,574,1,0,0,574000
PPO,575,1,0,0,575000
PPO,576,2,7,-0.4,576000
PPO,577,1,0,0,577000
PPO,578,1,0,0,578000
PPO,579,1,0,0,579000
PPO,580,1,0,0,580000
PPO,581,1,0,0,581000
PPO,582,1,0,0,582000
PPO,583,1,0,0,583000
PPO,584,1,0,0,584000
PPO,585,1,0,0,585000
PPO,586,1,0,0,586000
PPO,587,1,0,0,587000
PPO,588,1,0,0,588000
PPO,589,1,0,0,589000
PPO,590,2,5,-1.490116E-08,590000
PPO,591,1,0,0,591000
PPO,592,1,0,0,592000
PPO,593,1,0,0,593000
PPO,594,1,0,0,594000
PPO,595,1,0,0,595000
PPO,596,2,0,1,596000
PPO,597,1,0,0,597000
PPO,598,1,0,0,598000
PPO,599,1,0,0,599000
PPO,600,1,0,0,600000
PPO,601,1,1,-0.2,601000
PPO,602,1,0,0,602000
PPO,603,1,0,0,603000
PPO,604,1,0,0,604000
PPO,605,1,0,0,605000
PPO,606,1,0,0,606000
PPO,607,1,0,0,607000
PPO,608,1,0,0,608000
PPO,609,1,0,0,609000
PPO,610,1,0,0,610000
PPO,611,2,0,1,611000
PPO,612,1,0,0,612000
PPO,613,1,0,0,613000
PPO,614,1,0,0,614000
PPO,615,1,0,0,615000
PPO,616,2,0,1,616000
PPO,617,1,0,0,617000
PPO,618,1,0,0,618000
PPO,619,1,0,0,619000
PPO,620,1,0,0,620000
PPO,621,1,0,0,621000
PPO,622,1,0,0,622000
PPO,623,1,0,0,623000
PPO,624,1,0,0,624000
PPO,625,1,0,0,625000
PPO,626,1,0,0,626000
PPO,627,1,0,0,627000
PPO,628,1,3,-0.6,628000
PPO,629,1,0,0,629000
PPO,630,1,0,0,630000
PPO,631,1,0,0,631000
PPO,632,1,0,0,632000
PPO,633,1,0,0,633000
PPO,634,2,0,1,634000
PPO,635,1,0,0,635000
PPO,636,1,0,0,636000
PPO,637,1,0,0,637000
PPO,638,1,0,0,638000
PPO,639,1,0,0,639000
PPO,640,1,2,-0.4,640000
PPO,641,1,0,0,641000
PPO,642,1,0,0,642000
PPO,643,1,0,0,643000
PPO,644,1,0,0,644000
PPO,645,1,0,0,645000
PPO,646,1,0,0,646000
PPO,647,1,0,0,647000
PPO,648,1,0,0,648000
PPO,649,1,3,-0.6,649000
PPO,650,1,0,0,650000
PPO,651,1,0,0,651000
PPO,652,1,0,0,652000
PPO,653,1,0,0,653000
PPO,654,1,0,0,654000
PPO,655,2,0,1,655000
PPO,656,1,0,0,656000
PPO,657,2,0,1,657000
PPO,658,1,0,0,658000
PPO,659,1,0,0,659000
PPO,660,1,0,0,660000
PPO,661,1,0,0,661000
PPO,662,1,0,0,662000
PPO,663,1,0,0,663000
PPO,664,1,0,0,664000
PPO,665,1,0,0,665000
PPO,666,1,0,0,666000
PPO,667,1,0,0,667000
PPO,668,1,3,-0.6,668000
PPO,669,1,0,0,669000
PPO,670,1,0,0,670000
PPO,671,1,0,0,671000
PPO,672,1,0,0,672000
PPO,673,1,0,0,673000
PPO,674,1,0,0,674000
PPO,675,1,0,0,675000
PPO,676,1,0,0,676000
PPO,677,1,2,-0.4,677000
PPO,678,1,0,0,678000
PPO,679,1,0,0,679000
PPO,680,1,0,0,680000
PPO,681,2,9,-0.8,681000
PPO,682,1,0,0,682000
PPO,683,1,0,0,683000
PPO,684,2,0,1,684000
PPO,685,1,0,0,685000
PPO,686,1,0,0,686000
PPO,687,1,0,0,687000
PPO,688,1,0,0,688000
PPO,689,1,0,0,689000
PPO,690,1,0,0,690000
PPO,691,1,0,0,691000
PPO,692,1,0,0,692000
PPO,693,1,0,0,693000
PPO,694,1,0,0,694000
PPO,695,2,0,1,695000
PPO,696,1,0,0,696000
PPO,697,2,7,-0.4,697000
PPO,698,1,1,-0.2,698000
PPO,699,1,0,0,699000
PPO,700,1,0,0,700000
PPO,701,1,0,0,701000
PPO,702,1,0,0,702000
PPO,703,1,0,0,703000
PPO,704,1,0,0,704000
PPO,705,2,0,1,705000
PPO,706,1,0,0,706000
PPO,707,1,0,0,707000
PPO,708,1,0,0,708000
PPO,709,1,0,0,709000
PPO,710,2,0,1,710000
PPO,711,1,0,0,711000
PPO,712,1,0,0,712000
PPO,713,1,0,0,713000
PPO,714,1,0,0,714000
PPO,715,1,0,0,715000
PPO,716,1,0,0,716000
PPO,717,2,0,1,717000
PPO,718,1,0,0,718000
PPO,719,1,0,0,719000
PPO,720,1,0,0,720000
PPO,721,1,0,0,721000
PPO,722,1,0,0,722000
PPO,723,2,0,1,723000
PPO,724,1,0,0,724000
PPO,725,1,0,0,725000
PPO,726,1,0,0,726000
PPO,727,2,4,0.2,727000
PPO,728,1,0,0,728000
PPO,729,1,0,0,729000
PPO,730,1,0,0,730000
PPO,731,1,0,0,731000
PPO,732,1,0,0,732000
PPO,733,1,0,0,733000
PPO,734,2,2,0.6,734000
PPO,735,1,0,0,735000
PPO,736,1,0,0,736000
PPO,737,1,0,0,737000
PPO,738,1,0,0,738000
PPO,739,1,0,0,739000
PPO,740,1,0,0,740000
PPO,741,1,0,0,741000
PPO,742,1,0,0,742000
PPO,743,1,0,0,743000
PPO,744,1,0,0,744000
PPO,745,1,0,0,745000
PPO,746,1,0,0,746000
PPO,747,1,0,0,747000
PPO,748,1,0,0,748000
PPO,749,1,0,0,749000
PPO,750,1,0,0,750000
PPO,751,1,0,0,751000
PPO,752,2,2,0.6,752000
PPO,753,1,0,0,753000
PPO,754,1,0,0,754000
PPO,755,2,0,1,755000
PPO,756,1,0,0,756000
PPO,757,1,0,0,757000
PPO,758,1,0,0,758000
PPO,759,1,0,0,759000
PPO,760,1,0,0,760000
PPO,761,1,1,-0.2,761000
PPO,762,1,0,0,762000
PPO,763,1,0,0,763000
PPO,764,1,0,0,764000
PPO,765,2,0,1,765000
PPO,766,1,0,0,766000
PPO,767,1,0,0,767000
PPO,768,1,0,0,768000
PPO,769,1,0,0,769000
PPO,770,1,0,0,770000
PPO,771,1,0,0,771000
PPO,772,1,0,0,772000
PPO,773,1,0,0,773000
PPO,774,1,0,0,774000
PPO,775,1,0,0,775000
PPO,776,2,10,-1,776000
PPO,777,1,0,0,777000
PPO,778,1,0,0,778000
PPO,779,2,0,1,779000
PPO,780,1,0,0,780000
PPO,781,1,0,0,781000
PPO,782,1,0,0,782000
PPO,783,1,0,0,783000
PPO,784,1,0,0,784000
PPO,785,1,0,0,785000
PPO,786,1,0,0,786000
PPO,787,1,0,0,787000
PPO,788,1,0,0,788000
PPO,789,1,0,0,789000
PPO,790,1,0,0,790000
PPO,791,2,0,1,791000
PPO,792,1,0,0,792000
PPO,793,1,0,0,793000
PPO,794,1,0,0,794000
PPO,795,1,0,0,795000
PPO,796,1,0,0,796000
PPO,797,1,0,0,797000
PPO,798,1,0,0,798000
PPO,799,1,0,0,799000
PPO,800,1,0,0,800000
PPO,801,1,0,0,801000
PPO,802,1,0,0,802000
PPO,803,1,0,0,803000
PPO,804,1,0,0,804000
PPO,805,1,0,0,805000
PPO,806,2,0,1,806000
PPO,807,1,2,-0.4,807000
PPO,808,1,0,0,808000
PPO,809,2,1,0.8,809000
PPO,810,2,1,0.8,810000
PPO,811,1,0,0,811000
PPO,812,1,0,0,812000
PPO,813,1,0,0,813000
PPO,814,1,0,0,814000
PPO,815,2,4,0.2,815000
PPO,816,1,2,-0.4,816000
PPO,817,1,0,0,817000
PPO,818,1,0,0,818000
PPO,819,1,0,0,819000
PPO,820,1,0,0,820000
PPO,821,1,0,0,821000
PPO,822,1,0,0,822000
PPO,823,1,0,0,823000
PPO,824,2,1,0.8,824000
PPO,825,1,0,0,825000
PPO,826,1,0,0,826000
PPO,827,1,0,0,827000
PPO,828,1,0,0,828000
PPO,829,2,7,-0.4,829000
PPO,830,1,0,0,830000
PPO,831,1,0,0,831000
PPO,832,1,0,0,832000
PPO,833,2,2,0.6,833000
PPO,834,1,0,0,834000
PPO,835,1,0,0,835000
PPO,836,1,0,0,836000
PPO,837,1,0,0,837000
PPO,838,1,0,0,838000
PPO,839,2,14,-1.8,839000
PPO,840,1,0,0,840000
PPO,841,2,12,-1.4,841000
PPO,842,1,0,0,842000
PPO,843,2,10,-1,843000
PPO,844,1,0,0,844000
PPO,845,1,0,0,845000
PPO,846,1,0,0,846000
PPO,847,1,0,0,847000
PPO,848,2,4,0.2,848000
PPO,849,1,0,0,849000
PPO,850,1,0,0,850000
PPO,851,1,0,0,851000
PPO,852,1,0,0,852000
PPO,853,1,0,0,853000
PPO,854,1,0,0,854000
PPO,855,1,0,0,855000
PPO,856,1,0,0,856000
PPO,857,1,0,0,857000
PPO,858,2,0,1,858000
PPO,859,2,0,1,859000
PPO,860,1,0,0,860000
PPO,861,1,0,0,861000
PPO,862,1,0,0,862000
PPO,863,1,1,-0.2,863000
PPO,864,1,0,0,864000
PPO,865,1,0,0,865000
PPO,866,1,0,0,866000
PPO,867,1,0,0,867000
PPO,868,2,0,1,868000
PPO,869,1,0,0,869000
PPO,870,1,0,0,870000
PPO,871,1,0,0,871000
PPO,872,1,0,0,872000
PPO,873,1,0,0,873000
PPO,874,2,0,1,874000
PPO,875,1,0,0,875000
PPO,876,1,0,0,876000
PPO,877,1,0,0,877000
PPO,878,1,0,0,878000
PPO,879,1,0,0,879000
PPO,880,1,0,0,880000
PPO,881,1,0,0,881000
PPO,882,2,0,1,882000
PPO,883,1,0,0,883000
PPO,884,1,0,0,884000
PPO,885,1,0,0,885000
PPO,886,1,0,0,886000
PPO,887,2,3,0.4,887000
PPO,888,1,0,0,888000
PPO,889,1,0,0,889000
PPO,890,2,9,-0.8,890000
PPO,891,1,0,0,891000
PPO,892,1,0,0,892000
PPO,893,2,9,-0.8,893000
PPO,894,1,0,0,894000
PPO,895,2,6,-0.2,895000
PPO,896,2,0,1,896000
PPO,897,1,0,0,897000
PPO,898,1,0,0,898000
PPO,899,1,0,0,899000
PPO,900,1,0,0,900000
PPO,901,1,0,0,901000
PPO,902,1,0,0,902000
PPO,903,1,0,0,903000
PPO,904,1,0,0,904000
PPO,905,1,0,0,905000
PPO,906,1,0,0,906000
PPO,907,2,15,-2,907000
PPO,908,1,0,0,908000
PPO,909,1,0,0,909000
PPO,910,2,2,0.6,910000
PPO,911,1,0,0,911000
PPO,912,1,0,0,912000
PPO,913,1,0,0,913000
PPO,914,1,0,0,914000
PPO,915,1,0,0,915000
PPO,916,1,0,0,916000
PPO,917,1,0,0,917000
PPO,918,2,0,1,918000
PPO,919,1,0,0,919000
PPO,920,1,0,0,920000
PPO,921,1,0,0,921000
PPO,922,1,0,0,922000
PPO,923,1,0,0,923000
PPO,924,2,0,1,924000
PPO,925,1,0,0,925000
PPO,926,2,9,-0.8,926000
PPO,927,1,0,0,927000
PPO,928,1,0,0,928000
PPO,929,1,0,0,929000
PPO,930,1,0,0,930000
PPO,931,1,0,0,931000
PPO,932,1,0,0,932000
PPO,933,1,0,0,933000
PPO,934,2,11,-1.2,934000
PPO,935,2,0,1,935000
PPO,936,2,0,1,936000
PPO,937,1,0,0,937000
PPO,938,1,0,0,938000
PPO,939,2,8,-0.6,939000
PPO,940,1,0,0,940000
PPO,941,2,0,1,941000
PPO,942,1,0,0,942000
PPO,943,1,0,0,943000
PPO,944,1,0,0,944000
PPO,945,1,0,0,945000
PPO,946,1,0,0,946000
PPO,947,1,0,0,947000
PPO,948,1,0,0,948000
PPO,949,1,0,0,949000
PPO,950,1,0,0,950000
PPO,951,1,0,0,951000
PPO,952,2,5,-1.490116E-08,952000
PPO,953,1,0,0,953000
PPO,954,2,6,-0.2,954000
PPO,955,2,0,1,955000
PPO,956,1,0,0,956000
PPO,957,2,0,1,957000
PPO,958,1,0,0,958000
PPO,959,1,0,0,959000
PPO,960,1,0,0,960000
PPO,961,1,0,0,961000
PPO,962,1,0,0,962000
PPO,963,1,0,0,963000
PPO,964,1,0,0,964000
PPO,965,1,0,0,965000
PPO,966,1,0,0,966000
PPO,967,2,3,0.4,967000
PPO,968,1,0,0,968000
PPO,969,1,0,0,969000
PPO,970,2,0,1,970000
PPO,971,2,1,0.8,971000
PPO,972,1,0,0,972000
PPO,973,1,0,0,973000
PPO,974,1,0,0,974000
PPO,975,2,13,-1.6,975000
PPO,976,1,0,0,976000
PPO,977,2,0,1,977000
PPO,978,1,0,0,978000
PPO,979,1,0,0,979000
PPO,980,1,0,0,980000
PPO,981,2,0,1,981000
PPO,982,1,0,0,982000
PPO,983,2,0,1,983000
PPO,984,1,0,0,984000
PPO,985,2,7,-0.4,985000
PPO,986,1,0,0,986000
PPO,987,1,0,0,987000
PPO,988,3,4,1.2,988000
PPO,989,1,0,0,989000
PPO,990,1,0,0,990000
PPO,991,1,0,0,991000
PPO,992,1,0,0,992000
PPO,993,2,8,-0.6,993000
PPO,994,1,0,0,994000
PPO,995,1,0,0,995000
PPO,996,1,0,0,996000
PPO,997,1,0,0,997000
PPO,998,1,0,0,998000
PPO,999,2,5,-1.490116E-08,999000
PPO,1000,2,0,1,1000000
PPO,1001,1,0,0,1001000
PPO,1002,2,0,1,1002000
PPO,1003,1,0,0,1003000
PPO,1004,1,0,0,1004000
PPO,1005,1,0,0,1005000
PPO,1006,1,0,0,1006000
PPO,1007,2,14,-1.8,1007000
PPO,1008,1,0,0,1008000
PPO,1009,1,0,0,1009000
PPO,1010,1,0,0,1010000
PPO,1011,2,0,1,1011000
PPO,1012,2,0,1,1012000
PPO,1013,1,0,0,1013000
PPO,1014,1,0,0,1014000
PPO,1015,2,0,1,1015000
PPO,1016,1,0,0,1016000
PPO,1017,1,0,0,1017000
PPO,1018,1,0,0,1018000
PPO,1019,1,0,0,1019000
PPO,1020,2,0,1,1020000
PPO,1021,2,0,1,1021000
PPO,1022,1,0,0,1022000
PPO,1023,2,7,-0.4,1023000
PPO,1024,1,0,0,1024000
PPO,1025,2,0,1,1025000
PPO,1026,1,0,0,1026000
PPO,1027,1,0,0,1027000
PPO,1028,2,0,1,1028000
PPO,1029,2,0,1,1029000
PPO,1030,1,0,0,1030000
PPO,1031,1,0,0,1031000
PPO,1032,2,0,1,1032000
PPO,1033,2,6,-0.2,1033000
PPO,1034,2,1,0.8,1034000
PPO,1035,2,9,-0.8,1035000
PPO,1036,1,0,0,1036000
PPO,1037,2,0,1,1037000
PPO,1038,1,0,0,1038000
PPO,1039,1,0,0,1039000
PPO,1040,1,0,0,1040000
PPO,1041,1,0,0,1041000
PPO,1042,1,0,0,1042000
PPO,1043,1,0,0,1043000
PPO,1044,2,9,-0.8,1044000
PPO,1045,1,0,0,1045000
PPO,1046,2,11,-1.2,1046000
PPO,1047,1,0,0,1047000
PPO,1048,2,11,-1.2,1048000
PPO,1049,1,0,0,1049000
PPO,1050,1,0,0,1050000
PPO,1051,1,0,0,1051000
PPO,1052,2,0,1,1052000
PPO,1053,2,0,1,1053000
PPO,1054,1,0,0,1054000
PPO,1055,2,22,-3.4,1055000
PPO,1056,1,0,0,1056000
PPO,1057,1,0,0,1057000
PPO,1058,2,7,-0.4,1058000
PPO,1059,2,10,-1,1059000
PPO,1060,2,0,1,1060000
PPO,1061,1,0,0,1061000
PPO,1062,2,0,1,1062000
PPO,1063,1,0,0,1063000
PPO,1064,1,0,0,1064000
PPO,1065,2,0,1,1065000
PPO,1066,2,0,1,1066000
PPO,1067,1,0,0,1067000
PPO,1068,2,7,-0.4,1068000
PPO,1069,1,0,0,1069000
PPO,1070,2,0,1,1070000
PPO,1071,2,0,1,1071000
PPO,1072,2,0,1,1072000
PPO,1073,1,0,0,1073000
PPO,1074,1,0,0,1074000
PPO,1075,1,0,0,1075000
PPO,1076,2,15,-2,1076000
PPO,1077,1,0,0,1077000
PPO,1078,3,11,-0.2,1078000
PPO,1079,1,0,0,1079000
PPO,1080,2,2,0.6,1080000
PPO,1081,2,0,1,1081000
PPO,1082,2,17,-2.4,1082000
PPO,1083,1,0,0,1083000
PPO,1084,2,9,-0.8,1084000
PPO,1085,2,0,1,1085000
PPO,1086,1,0,0,1086000
PPO,1087,1,0,0,1087000
PPO,1088,1,0,0,1088000
PPO,1089,1,0,0,1089000
PPO,1090,1,0,0,1090000
PPO,1091,2,0,1,1091000
PPO,1092,1,0,0,1092000
PPO,1093,1,0,0,1093000
PPO,1094,2,7,-0.4,1094000
PPO,1095,2,0,1,1095000
PPO,1096,3,8,0.4,1096000
PPO,1097,2,5,-1.490116E-08,1097000
PPO,1098,2,0,1,1098000
PPO,1099,1,0,0,1099000
PPO,1100,2,0,1,1100000
PPO,1101,1,0,0,1101000
PPO,1102,1,0,0,1102000
PPO,1103,2,0,1,1103000
PPO,1104,1,0,0,1104000
PPO,1105,1,0,0,1105000
PPO,1106,2,13,-1.6,1106000
PPO,1107,2,0,1,1107000
PPO,1108,1,0,0,1108000
PPO,1109,1,0,0,1109000
PPO,1110,2,0,1,1110000
PPO,1111,1,0,0,1111000
PPO,1112,1,0,0,1112000
PPO,1113,2,9,-0.8,1113000
PPO,1114,1,0,0,1114000
PPO,1115,2,0,1,1115000
PPO,1116,1,0,0,1116000
PPO,1117,1,0,0,1117000
PPO,1118,2,0,1,1118000
PPO,1119,1,0,0,1119000
PPO,1120,3,13,-0.6,1120000
PPO,1121,2,0,1,1121000
PPO,1122,2,1,0.8,1122000
PPO,1123,1,0,0,1123000
PPO,1124,2,0,1,1124000
PPO,1125,1,0,0,1125000
PPO,1126,1,0,0,1126000
PPO,1127,2,0,1,1127000
PPO,1128,1,0,0,1128000
PPO,1129,2,0,1,1129000
PPO,1130,2,0,1,1130000
PPO,1131,1,0,0,1131000
PPO,1132,1,0,0,1132000
PPO,1133,1,0,0,1133000
PPO,1134,2,0,1,1134000
PPO,1135,2,0,1,1135000
PPO,1136,1,0,0,1136000
PPO,1137,2,10,-1,1137000
PPO,1138,2,0,1,1138000
PPO,1139,2,0,1,1139000
PPO,1140,2,0,1,1140000
PPO,1141,1,0,0,1141000
PPO,1142,2,0,1,1142000
PPO,1143,1,0,0,1143000
PPO,1144,2,0,1,1144000
PPO,1145,1,0,0,1145000
PPO,1146,2,0,1,1146000
PPO,1147,1,0,0,1147000
PPO,1148,1,0,0,1148000
PPO,1149,2,0,1,1149000
PPO,1150,2,0,1,1150000
PPO,1151,2,0,1,1151000
PPO,1152,2,0,1,1152000
PPO,1153,2,0,1,1153000
PPO,1154,1,0,0,1154000
PPO,1155,2,0,1,1155000
PPO,1156,1,0,0,1156000
PPO,1157,2,0,1,1157000
PPO,1158,1,0,0,1158000
PPO,1159,1,0,0,1159000
PPO,1160,2,0,1,1160000
PPO,1161,1,0,0,1161000
PPO,1162,1,0,0,1162000
PPO,1163,2,4,0.2,1163000
PPO,1164,2,0,1,1164000
PPO,1165,2,0,1,1165000
PPO,1166,1,0,0,1166000
PPO,1167,2,0,1,1167000
PPO,1168,2,0,1,1168000
PPO,1169,1,0,0,1169000
PPO,1170,2,0,1,1170000
PPO,1171,2,0,1,1171000
PPO,1172,2,0,1,1172000
PPO,1173,1,0,0,1173000
PPO,1174,2,4,0.2,1174000
PPO,1175,2,2,0.6,1175000
PPO,1176,2,1,0.8,1176000
PPO,1177,2,0,1,1177000
PPO,1178,1,0,0,1178000
PPO,1179,2,14,-1.8,1179000
PPO,1180,1,0,0,1180000
PPO,1181,2,2,0.6,1181000
PPO,1182,2,0,1,1182000
PPO,1183,1,0,0,1183000
PPO,1184,2,0,1,1184000
PPO,1185,1,0,0,1185000
PPO,1186,1,0,0,1186000
PPO,1187,1,0,0,1187000
PPO,1188,2,15,-2,1188000
PPO,1189,2,7,-0.4,1189000
PPO,1190,2,3,0.4,1190000
PPO,1191,2,0,1,1191000
PPO,1192,1,0,0,1192000
PPO,1193,1,0,0,1193000
PPO,1194,2,0,1,1194000
PPO,1195,1,0,0,1195000
PPO,1196,2,0,1,1196000
PPO,1197,2,0,1,1197000
PPO,1198,1,0,0,1198000
PPO,1199,1,0,0,1199000
PPO,1200,1,0,0,1200000
PPO,1201,2,2,0.6,1201000
PPO,1202,1,0,0,1202000
PPO,1203,2,0,1,1203000
PPO,1204,1,0,0,1204000
PPO,1205,1,0,0,1205000
PPO,1206,2,0,1,1206000
PPO,1207,1,0,0,1207000
PPO,1208,1,0,0,1208000
PPO,1209,1,0,0,1209000
PPO,1210,2,0,1,1210000
PPO,1211,2,8,-0.6,1211000
PPO,1212,2,7,-0.4,1212000
PPO,1213,2,0,1,1213000
PPO,1214,1,0,0,1214000
PPO,1215,2,6,-0.2,1215000
PPO,1216,1,0,0,1216000
PPO,1217,2,0,1,1217000
PPO,1218,2,0,1,1218000
PPO,1219,2,0,1,1219000
PPO,1220,2,0,1,1220000
PPO,1221,2,0,1,1221000
PPO,1222,2,0,1,1222000
PPO,1223,2,0,1,1223000
PPO,1224,2,3,0.4,1224000
PPO,1225,2,0,1,1225000
PPO,1226,1,0,0,1226000
PPO,1227,2,5,-1.490116E-08,1227000
PPO,1228,1,0,0,1228000
PPO,1229,2,0,1,1229000
PPO,1230,1,0,0,1230000
PPO,1231,1,0,0,1231000
PPO,1232,1,0,0,1232000
PPO,1233,1,0,0,1233000
PPO,1234,2,8,-0.6,1234000
PPO,1235,1,0,0,1235000
PPO,1236,1,0,0,1236000
PPO,1237,2,0,1,1237000
PPO,1238,1,0,0,1238000
PPO,1239,2,6,-0.2,1239000
PPO,1240,1,0,0,1240000
PPO,1241,1,0,0,1241000
PPO,1242,1,0,0,1242000
PPO,1243,2,4,0.2,1243000
PPO,1244,2,5,-1.490116E-08,1244000
PPO,1245,2,0,1,1245000
PPO,1246,1,0,0,1246000
PPO,1247,2,11,-1.2,1247000
PPO,1248,2,0,1,1248000
PPO,1249,2,0,1,1249000
PPO,1250,1,0,0,1250000
PPO,1251,1,0,0,1251000
PPO,1252,2,0,1,1252000
PPO,1253,2,6,-0.2,1253000
PPO,1254,1,0,0,1254000
PPO,1255,1,0,0,1255000
PPO,1256,1,0,0,1256000
PPO,1257,1,0,0,1257000
PPO,1258,2,0,1,1258000
PPO,1259,2,6,-0.2,1259000
PPO,1260,2,0,1,1260000
PPO,1261,2,0,1,1261000
PPO,1262,2,13,-1.6,1262000
PPO,1263,3,0,2,1263000
PPO,1264,2,2,0.6,1264000
PPO,1265,1,0,0,1265000
PPO,1266,2,1,0.8,1266000
PPO,1267,2,0,1,1267000
PPO,1268,2,0,1,1268000
PPO,1269,2,0,1,1269000
PPO,1270,2,0,1,1270000
PPO,1271,2,0,1,1271000
PPO,1272,2,0,1,1272000
PPO,1273,1,0,0,1273000
PPO,1274,2,0,1,1274000
PPO,1275,1,0,0,1275000
PPO,1276,2,0,1,1276000
PPO,1277,1,0,0,1277000
PPO,1278,2,0,1,1278000
PPO,1279,2,0,1,1279000
PPO,1280,1,0,0,1280000
PPO,1281,2,0,1,1281000
PPO,1282,1,0,0,1282000
PPO,1283,2,16,-2.2,1283000
PPO,1284,1,0,0,1284000
PPO,1285,2,0,1,1285000
PPO,1286,1,0,0,1286000
PPO,1287,1,0,0,1287000
PPO,1288,2,6,-0.2,1288000
PPO,1289,1,0,0,1289000
PPO,1290,2,0,1,1290000
PPO,1291,2,0,1,1291000
PPO,1292,2,0,1,1292000
PPO,1293,1,0,0,1293000
PPO,1294,2,0,1,1294000
PPO,1295,1,0,0,1295000
PPO,1296,2,0,1,1296000
PPO,1297,2,0,1,1297000
PPO,1298,2,4,0.2,1298000
PPO,1299,2,0,1,1299000
PPO,1300,1,0,0,1300000
PPO,1301,1,0,0,1301000
PPO,1302,1,0,0,1302000
PPO,1303,1,0,0,1303000
PPO,1304,1,0,0,1304000
PPO,1305,1,0,0,1305000
PPO,1306,2,0,1,1306000
PPO,1307,2,0,1,1307000
PPO,1308,1,0,0,1308000
PPO,1309,2,0,1,1309000
PPO,1310,2,0,1,1310000
PPO,1311,2,0,1,1311000
PPO,1312,2,0,1,1312000
PPO,1313,2,0,1,1313000
PPO,1314,1,0,0,1314000
PPO,1315,2,0,1,1315000
PPO,1316,2,0,1,1316000
PPO,1317,2,0,1,1317000
PPO,1318,1,0,0,1318000
PPO,1319,2,0,1,1319000
PPO,1320,1,0,0,1320000
PPO,1321,2,0,1,1321000
PPO,1322,1,0,0,1322000
PPO,1323,2,6,-0.2,1323000
PPO,1324,1,0,0,1324000
PPO,1325,2,10,-1,1325000
PPO,1326,2,0,1,1326000
PPO,1327,2,0,1,1327000
PPO,1328,1,0,0,1328000
PPO,1329,1,0,0,1329000
PPO,1330,1,0,0,1330000
PPO,1331,2,0,1,1331000
PPO,1332,1,0,0,1332000
PPO,1333,2,0,1,1333000
PPO,1334,2,1,0.8,1334000
PPO,1335,2,0,1,1335000
PPO,1336,2,0,1,1336000
PPO,1337,2,0,1,1337000
PPO,1338,2,0,1,1338000
PPO,1339,2,0,1,1339000
PPO,1340,1,0,0,1340000
PPO,1341,2,0,1,1341000
PPO,1342,1,0,0,1342000
PPO,1343,2,0,1,1343000
PPO,1344,2,17,-2.4,1344000
PPO,1345,2,0,1,1345000
PPO,1346,2,0,1,1346000
PPO,1347,2,0,1,1347000
PPO,1348,2,0,1,1348000
PPO,1349,1,0,0,1349000
PPO,1350,2,0,1,1350000
PPO,1351,2,0,1,1351000
PPO,1352,2,0,1,1352000
PPO,1353,2,0,1,1353000
PPO,1354,2,0,1,1354000
PPO,1355,2,0,1,1355000
PPO,1356,2,3,0.4,1356000
PPO,1357,2,0,1,1357000
PPO,1358,2,0,1,1358000
PPO,1359,2,0,1,1359000
PPO,1360,1,0,0,1360000
PPO,1361,2,0,1,1361000
PPO,1362,1,0,0,1362000
PPO,1363,2,2,0.6,1363000
PPO,1364,3,0,2,1364000
PPO,1365,2,0,1,1365000
PPO,1366,2,0,1,1366000
PPO,1367,2,0,1,1367000
PPO,1368,2,0,1,1368000
PPO,1369,2,0,1,1369000
PPO,1370,1,0,0,1370000
PPO,1371,1,0,0,1371000
PPO,1372,2,2,0.6,1372000
PPO,1373,2,0,1,1373000
PPO,1374,2,1,0.8,1374000
PPO,1375,2,0,1,1375000
PPO,1376,1,0,0,1376000
PPO,1377,2,0,1,1377000
PPO,1378,2,16,-2.2,1378000
PPO,1379,2,0,1,1379000
PPO,1380,2,0,1,1380000
PPO,1381,1,0,0,1381000
PPO,1382,1,0,0,1382000
PPO,1383,2,7,-0.4,1383000
PPO,1384,1,0,0,1384000
PPO,1385,2,0,1,1385000
PPO,1386,2,0,1,1386000
PPO,1387,2,0,1,1387000
PPO,1388,2,0,1,1388000
PPO,1389,2,0,1,1389000
PPO,1390,2,0,1,1390000
PPO,1391,1,0,0,1391000
PPO,1392,2,0,1,1392000
PPO,1393,1,0,0,1393000
PPO,1394,2,0,1,1394000
PPO,1395,1,0,0,1395000
PPO,1396,2,0,1,1396000
PPO,1397,2,0,1,1397000
PPO,1398,1,0,0,1398000
PPO,1399,1,0,0,1399000
PPO,1400,1,0,0,1400000
PPO,1401,2,0,1,1401000
PPO,1402,1,0,0,1402000
PPO,1403,2,0,1,1403000
PPO,1404,2,0,1,1404000
PPO,1405,2,1,0.8,1405000
PPO,1406,1,0,0,1406000
PPO,1407,2,0,1,1407000
PPO,1408,1,0,0,1408000
PPO,1409,2,0,1,1409000
PPO,1410,2,0,1,1410000
PPO,1411,1,0,0,1411000
PPO,1412,1,0,0,1412000
PPO,1413,1,0,0,1413000
PPO,1414,2,0,1,1414000
PPO,1415,2,2,0.6,1415000
PPO,1416,2,5,-1.490116E-08,1416000
PPO,1417,2,0,1,1417000
PPO,1418,1,0,0,1418000
PPO,1419,2,0,1,1419000
PPO,1420,1,0,0,1420000
PPO,1421,2,0,1,1421000
PPO,1422,2,0,1,1422000
PPO,1423,2,0,1,1423000
PPO,1424,2,0,1,1424000
PPO,1425,2,0,1,1425000
PPO,1426,2,0,1,1426000
PPO,1427,2,0,1,1427000
PPO,1428,2,0,1,1428000
PPO,1429,3,0,2,1429000
PPO,1430,2,0,1,1430000
PPO,1431,2,0,1,1431000
PPO,1432,3,0,2,1432000
PPO,1433,2,3,0.4,1433000
PPO,1434,3,0,2,1434000
PPO,1435,1,0,0,1435000
PPO,1436,3,0,2,1436000
PPO,1437,2,0,1,1437000
PPO,1438,2,0,1,1438000
PPO,1439,2,0,1,1439000
PPO,1440,2,0,1,1440000
PPO,1441,2,0,1,1441000
PPO,1442,2,0,1,1442000
PPO,1443,2,0,1,1443000
PPO,1444,2,0,1,1444000
PPO,1445,2,0,1,1445000
PPO,1446,2,0,1,1446000
PPO,1447,2,0,1,1447000
PPO,1448,2,0,1,1448000
PPO,1449,2,0,1,1449000
PPO,1450,2,0,1,1450000
PPO,1451,2,0,1,1451000
PPO,1452,2,0,1,1452000
PPO,1453,2,0,1,1453000
PPO,1454,2,0,1,1454000
PPO,1455,2,0,1,1455000
PPO,1456,2,0,1,1456000
PPO,1457,2,0,1,1457000
PPO,1458,2,0,1,1458000
PPO,1459,3,0,2,1459000
PPO,1460,2,0,1,1460000
PPO,1461,2,0,1,1461000
PPO,1462,2,0,1,1462000
PPO,1463,1,0,0,1463000
PPO,1464,3,0,2,1464000
PPO,1465,2,0,1,1465000
PPO,1466,2,0,1,1466000
PPO,1467,2,0,1,1467000
PPO,1468,2,0,1,1468000
PPO,1469,2,0,1,1469000
PPO,1470,1,0,0,1470000
PPO,1471,2,0,1,1471000
PPO,1472,2,0,1,1472000
PPO,1473,2,0,1,1473000
PPO,1474,2,0,1,1474000
PPO,1475,2,0,1,1475000
PPO,1476,2,0,1,1476000
PPO,1477,2,0,1,1477000
PPO,1478,2,0,1,1478000
PPO,1479,2,2,0.6,1479000
PPO,1480,1,0,0,1480000
PPO,1481,1,0,0,1481000
PPO,1482,2,0,1,1482000
PPO,1483,2,0,1,1483000
PPO,1484,2,0,1,1484000
PPO,1485,2,0,1,1485000
PPO,1486,2,1,0.8,1486000
PPO,1487,2,0,1,1487000
PPO,1488,2,0,1,1488000
PPO,1489,3,0,2,1489000
PPO,1490,2,0,1,1490000
PPO,1491,2,0,1,1491000
PPO,1492,1,0,0,1492000
PPO,1493,2,0,1,1493000
PPO,1494,2,0,1,1494000
PPO,1495,2,0,1,1495000
PPO,1496,3,0,2,1496000
PPO,1497,2,0,1,1497000
PPO,1498,2,0,1,1498000
PPO,1499,2,0,1,1499000
PPO,1500,2,0,1,1500000
PPO,1501,1,0,0,1501000
PPO,1502,2,0,1,1502000
PPO,1503,1,0,0,1503000
PPO,1504,2,0,1,1504000
PPO,1505,2,0,1,1505000
PPO,1506,2,0,1,1506000
PPO,1507,2,0,1,1507000
PPO,1508,3,0,2,1508000
PPO,1509,2,0,1,1509000
PPO,1510,2,0,1,1510000
PPO,1511,1,0,0,1511000
PPO,1512,2,2,0.6,1512000
PPO,1513,2,0,1,1513000
PPO,1514,3,0,2,1514000
PPO,1515,1,0,0,1515000
PPO,1516,2,0,1,1516000
PPO,1517,2,0,1,1517000
PPO,1518,2,0,1,1518000
PPO,1519,2,0,1,1519000
PPO,1520,2,0,1,1520000
PPO,1521,1,0,0,1521000
PPO,1522,1,0,0,1522000
PPO,1523,2,0,1,1523000
PPO,1524,3,0,2,1524000
PPO,1525,2,0,1,1525000
PPO,1526,2,0,1,1526000
PPO,1527,2,0,1,1527000
PPO,1528,2,0,1,1528000
PPO,1529,2,0,1,1529000
PPO,1530,2,0,1,1530000
PPO,1531,3,0,2,1531000
PPO,1532,2,0,1,1532000
PPO,1533,2,0,1,1533000
PPO,1534,2,0,1,1534000
PPO,1535,2,0,1,1535000
PPO,1536,2,0,1,1536000
PPO,1537,2,0,1,1537000
PPO,1538,1,0,0,1538000
PPO,1539,2,0,1,1539000
PPO,1540,2,0,1,1540000
PPO,1541,2,0,1,1541000
PPO,1542,2,0,1,1542000
PPO,1543,2,0,1,1543000
PPO,1544,2,0,1,1544000
PPO,1545,1,0,0,1545000
PPO,1546,3,0,2,1546000
PPO,1547,2,0,1,1547000
PPO,1548,3,0,2,1548000
PPO,1549,3,0,2,1549000
PPO,1550,3,0,2,1550000
PPO,1551,2,0,1,1551000
PPO,1552,3,0,2,1552000
PPO,1553,2,0,1,1553000
PPO,1554,2,0,1,1554000
PPO,1555,2,0,1,1555000
PPO,1556,2,0,1,1556000
PPO,1557,2,0,1,1557000
PPO,1558,2,0,1,1558000
PPO,1559,2,0,1,1559000
PPO,1560,2,0,1,1560000
PPO,1561,2,0,1,1561000
PPO,1562,2,0,1,1562000
PPO,1563,3,0,2,1563000
PPO,1564,2,0,1,1564000
PPO,1565,1,0,0,1565000
PPO,1566,2,0,1,1566000
PPO,1567,2,0,1,1567000
PPO,1568,2,0,1,1568000
PPO,1569,2,0,1,1569000
PPO,1570,2,0,1,1570000
PPO,1571,2,0,1,1571000
PPO,1572,3,0,2,1572000
PPO,1573,2,0,1,1573000
PPO,1574,2,0,1,1574000
PPO,1575,2,0,1,1575000
PPO,1576,2,0,1,1576000
PPO,1577,2,0,1,1577000
PPO,1578,2,0,1,1578000
PPO,1579,2,0,1,1579000
PPO,1580,3,0,2,1580000
PPO,1581,2,0,1,1581000
PPO,1582,2,0,1,1582000
PPO,1583,1,0,0,1583000
PPO,1584,2,0,1,1584000
PPO,1585,2,0,1,1585000
PPO,1586,2,0,1,1586000
PPO,1587,2,0,1,1587000
PPO,1588,2,0,1,1588000
PPO,1589,2,0,1,1589000
PPO,1590,2,0,1,1590000
PPO,1591,2,0,1,1591000
PPO,1592,2,0,1,1592000
PPO,1593,2,0,1,1593000
PPO,1594,2,0,1,1594000
PPO,1595,1,0,0,1595000
PPO,1596,2,0,1,1596000
PPO,1597,2,0,1,1597000
PPO,1598,2,0,1,1598000
PPO,1599,2,0,1,1599000
PPO,1600,2,0,1,1600000
PPO,1601,2,0,1,1601000
PPO,1602,2,2,0.6,1602000
PPO,1603,2,2,0.6,1603000
PPO,1604,2,0,1,1604000
PPO,1605,2,0,1,1605000
PPO,1606,2,0,1,1606000
PPO,1607,3,0,2,1607000
PPO,1608,2,0,1,1608000
PPO,1609,2,0,1,1609000
PPO,1610,2,0,1,1610000
PPO,1611,2,0,1,1611000
PPO,1612,1,0,0,1612000
PPO,1613,2,0,1,1613000
PPO,1614,2,0,1,1614000
PPO,1615,3,0,2,1615000
PPO,1616,2,0,1,1616000
PPO,1617,2,0,1,1617000
PPO,1618,2,0,1,1618000
PPO,1619,3,4,1.2,1619000
PPO,1620,1,0,0,1620000
PPO,1621,2,0,1,1621000
PPO,1622,2,0,1,1622000
PPO,1623,2,0,1,1623000
PPO,1624,1,0,0,1624000
PPO,1625,2,0,1,1625000
PPO,1626,3,0,2,1626000
PPO,1627,2,0,1,1627000
PPO,1628,2,0,1,1628000
PPO,1629,2,0,1,1629000
PPO,1630,3,0,2,1630000
PPO,1631,3,0,2,1631000
PPO,1632,3,0,2,1632000
PPO,1633,3,0,2,1633000
PPO,1634,3,0,2,1634000
PPO,1635,2,0,1,1635000
PPO,1636,1,0,0,1636000
PPO,1637,3,0,2,1637000
PPO,1638,3,0,2,1638000
PPO,1639,3,0,2,1639000
PPO,1640,2,0,1,1640000
PPO,1641,2,0,1,1641000
PPO,1642,2,0,1,1642000
PPO,1643,3,0,2,1643000
PPO,1644,2,0,1,1644000
PPO,1645,2,0,1,1645000
PPO,1646,2,0,1,1646000
PPO,1647,2,0,1,1647000
PPO,1648,2,0,1,1648000
PPO,1649,2,0,1,1649000
PPO,1650,2,4,0.2,1650000
PPO,1651,3,0,2,1651000
PPO,1652,2,0,1,1652000
PPO,1653,2,0,1,1653000
PPO,1654,3,0,2,1654000
PPO,1655,3,0,2,1655000
PPO,1656,2,0,1,1656000
PPO,1657,2,0,1,1657000
PPO,1658,2,6,-0.2,1658000
PPO,1659,2,0,1,1659000
PPO,1660,2,0,1,1660000
PPO,1661,1,0,0,1661000
PPO,1662,2,0,1,1662000
PPO,1663,2,0,1,1663000
PPO,1664,2,0,1,1664000
PPO,1665,2,0,1,1665000
PPO,1666,3,0,2,1666000
PPO,1667,2,0,1,1667000
PPO,1668,2,0,1,1668000
PPO,1669,2,0,1,1669000
PPO,1670,2,0,1,1670000
PPO,1671,3,0,2,1671000
PPO,1672,4,0,3,1672000
PPO,1673,2,0,1,1673000
PPO,1674,2,0,1,1674000
PPO,1675,3,0,2,1675000
PPO,1676,2,0,1,1676000
PPO,1677,3,0,2,1677000
PPO,1678,2,0,1,1678000
PPO,1679,2,0,1,1679000
PPO,1680,3,0,2,1680000
PPO,1681,2,0,1,1681000
PPO,1682,2,0,1,1682000
PPO,1683,2,0,1,1683000
PPO,1684,2,0,1,1684000
PPO,1685,3,0,2,1685000
PPO,1686,2,0,1,1686000
PPO,1687,2,0,1,1687000
PPO,1688,2,0,1,1688000
PPO,1689,2,0,1,1689000
PPO,1690,3,0,2,1690000
PPO,1691,3,0,2,1691000
PPO,1692,2,0,1,1692000
PPO,1693,2,0,1,1693000
PPO,1694,2,0,1,1694000
PPO,1695,2,0,1,1695000
PPO,1696,3,0,2,1696000
PPO,1697,2,0,1,1697000
PPO,1698,3,0,2,1698000
PPO,1699,3,0,2,1699000
PPO,1700,2,0,1,1700000
PPO,1701,3,0,2,1701000
PPO,1702,3,0,2,1702000
PPO,1703,3,0,2,1703000
PPO,1704,2,0,1,1704000
PPO,1705,2,0,1,1705000
PPO,1706,2,0,1,1706000
PPO,1707,3,0,2,1707000
PPO,1708,2,0,1,1708000
PPO,1709,2,0,1,1709000
PPO,1710,3,0,2,1710000
PPO,1711,2,0,1,1711000
PPO,1712,2,0,1,1712000
PPO,1713,3,0,2,1713000
PPO,1714,3,0,2,1714000
PPO,1715,2,0,1,1715000
PPO,1716,3,0,2,1716000
PPO,1717,2,0,1,1717000
PPO,1718,2,0,1,1718000
PPO,1719,2,0,1,1719000
PPO,1720,3,0,2,1720000
PPO,1721,2,0,1,1721000
PPO,1722,3,0,2,1722000
PPO,1723,1,0,0,1723000
PPO,1724,3,0,2,1724000
PPO,1725,2,0,1,1725000
PPO,1726,3,0,2,1726000
PPO,1727,2,0,1,1727000
PPO,1728,3,0,2,1728000
PPO,1729,3,0,2,1729000
PPO,1730,2,0,1,1730000
PPO,1731,3,0,2,1731000
PPO,1732,2,0,1,1732000
PPO,1733,3,0,2,1733000
PPO,1734,2,0,1,1734000
PPO,1735,2,0,1,1735000
PPO,1736,2,0,1,1736000
PPO,1737,2,0,1,1737000
PPO,1738,2,0,1,1738000
PPO,1739,3,0,2,1739000
PPO,1740,2,0,1,1740000
PPO,1741,2,0,1,1741000
PPO,1742,2,0,1,1742000
PPO,1743,2,0,1,1743000
PPO,1744,3,0,2,1744000
PPO,1745,3,0,2,1745000
PPO,1746,3,0,2,1746000
PPO,1747,2,0,1,1747000
PPO,1748,2,0,1,1748000
PPO,1749,3,0,2,1749000
PPO,1750,2,0,1,1750000
PPO,1751,2,0,1,1751000
PPO,1752,2,0,1,1752000
PPO,1753,2,6,-0.2,1753000
PPO,1754,2,0,1,1754000
PPO,1755,2,0,1,1755000
PPO,1756,2,0,1,1756000
PPO,1757,3,0,2,1757000
PPO,1758,3,0,2,1758000
PPO,1759,3,0,2,1759000
PPO,1760,3,0,2,1760000
PPO,1761,2,0,1,1761000
PPO,1762,3,0,2,1762000
PPO,1763,4,0,3,1763000
PPO,1764,3,0,2,1764000
PPO,1765,3,0,2,1765000
PPO,1766,3,0,2,1766000
PPO,1767,2,0,1,1767000
PPO,1768,4,0,3,1768000
PPO,1769,3,0,2,1769000
PPO,1770,3,0,2,1770000
PPO,1771,3,0,2,1771000
PPO,1772,2,0,1,1772000
PPO,1773,2,0,1,1773000
PPO,1774,3,0,2,1774000
PPO,1775,4,0,3,1775000
PPO,1776,2,0,1,1776000
PPO,1777,2,0,1,1777000
PPO,1778,3,0,2,1778000
PPO,1779,2,0,1,1779000
PPO,1780,2,0,1,1780000
PPO,1781,3,0,2,1781000
PPO,1782,2,0,1,1782000
PPO,1783,2,0,1,1783000
PPO,1784,2,0,1,1784000
PPO,1785,2,0,1,1785000
PPO,1786,3,0,2,1786000
PPO,1787,3,0,2,1787000
PPO,1788,3,0,2,1788000
PPO,1789,3,0,2,1789000
PPO,1790,3,0,2,1790000
PPO,1791,2,0,1,1791000
PPO,1792,3,0,2,1792000
PPO,1793,3,0,2,1793000
PPO,1794,2,0,1,1794000
PPO,1795,2,0,1,1795000
PPO,1796,2,0,1,1796000
PPO,1797,4,0,3,1797000
PPO,1798,3,0,2,1798000
PPO,1799,2,0,1,1799000
PPO,1800,2,0,1,1800000
PPO,1801,2,0,1,1801000
PPO,1802,2,0,1,1802000
PPO,1803,2,0,1,1803000
PPO,1804,3,0,2,1804000
PPO,1805,3,0,2,1805000
PPO,1806,2,0,1,1806000
PPO,1807,2,0,1,1807000
PPO,1808,3,0,2,1808000
PPO,1809,2,0,1,1809000
PPO,1810,3,0,2,1810000
PPO,1811,2,0,1,1811000
PPO,1812,2,0,1,1812000
PPO,1813,3,0,2,1813000
PPO,1814,4,0,3,1814000
PPO,1815,3,0,2,1815000
PPO,1816,2,0,1,1816000
PPO,1817,2,0,1,1817000
PPO,1818,3,0,2,1818000
PPO,1819,2,0,1,1819000
PPO,1820,3,0,2,1820000
PPO,1821,2,0,1,1821000
PPO,1822,4,0,3,1822000
PPO,1823,3,0,2,1823000
PPO,1824,3,0,2,1824000
PPO,1825,2,0,1,1825000
PPO,1826,3,0,2,1826000
PPO,1827,2,0,1,1827000
PPO,1828,2,0,1,1828000
PPO,1829,2,0,1,1829000
PPO,1830,3,0,2,1830000
PPO,1831,2,0,1,1831000
PPO,1832,3,0,2,1832000
PPO,1833,4,0,3,1833000
PPO,1834,2,0,1,1834000
PPO,1835,2,0,1,1835000
PPO,1836,3,0,2,1836000
PPO,1837,2,0,1,1837000
PPO,1838,2,0,1,1838000
PPO,1839,2,0,1,1839000
PPO,1840,2,0,1,1840000
PPO,1841,2,0,1,1841000
PPO,1842,3,0,2,1842000
PPO,1843,3,0,2,1843000
PPO,1844,2,0,1,1844000
PPO,1845,3,0,2,1845000
PPO,1846,2,0,1,1846000
PPO,1847,3,0,2,1847000
PPO,1848,2,0,1,1848000
PPO,1849,2,6,-0.2,1849000
PPO,1850,3,0,2,1850000
PPO,1851,4,2,2.6,1851000
PPO,1852,3,0,2,1852000
PPO,1853,3,0,2,1853000
PPO,1854,4,0,3,1854000
PPO,1855,2,0,1,1855000
PPO,1856,4,2,2.6,1856000
PPO,1857,2,19,-2.8,1857000
PPO,1858,3,0,2,1858000
PPO,1859,3,0,2,1859000
PPO,1860,2,0,1,1860000
PPO,1861,3,0,2,1861000
PPO,1862,3,0,2,1862000
PPO,1863,3,0,2,1863000
PPO,1864,3,0,2,1864000
PPO,1865,3,0,2,1865000
PPO,1866,3,0,2,1866000
PPO,1867,2,0,1,1867000
PPO,1868,3,0,2,1868000
PPO,1869,5,0,4,1869000
PPO,1870,3,0,2,1870000
PPO,1871,3,0,2,1871000
PPO,1872,3,0,2,1872000
PPO,1873,2,0,1,1873000
PPO,1874,3,0,2,1874000
PPO,1875,2,0,1,1875000
PPO,1876,4,0,3,1876000
PPO,1877,3,0,2,1877000
PPO,1878,2,0,1,1878000
PPO,1879,3,0,2,1879000
PPO,1880,2,0,1,1880000
PPO,1881,4,0,3,1881000
PPO,1882,3,0,2,1882000
PPO,1883,3,0,2,1883000
PPO,1884,2,0,1,1884000
PPO,1885,2,0,1,1885000
PPO,1886,3,0,2,1886000
PPO,1887,2,0,1,1887000
PPO,1888,3,0,2,1888000
PPO,1889,3,0,2,1889000
PPO,1890,2,0,1,1890000
PPO,1891,2,0,1,1891000
PPO,1892,2,0,1,1892000
PPO,1893,2,0,1,1893000
PPO,1894,3,0,2,1894000
PPO,1895,4,10,1,1895000
PPO,1896,3,0,2,1896000
PPO,1897,3,0,2,1897000
PPO,1898,2,0,1,1898000
PPO,1899,2,4,0.2,1899000
PPO,1900,3,0,2,1900000
PPO,1901,2,3,0.4,1901000
PPO,1902,4,0,3,1902000
PPO,1903,4,1,2.8,1903000
PPO,1904,3,0,2,1904000
PPO,1905,3,0,2,1905000
PPO,1906,2,0,1,1906000
PPO,1907,4,0,3,1907000
PPO,1908,3,0,2,1908000
PPO,1909,3,0,2,1909000
PPO,1910,2,0,1,1910000
PPO,1911,3,0,2,1911000
PPO,1912,3,0,2,1912000
PPO,1913,2,0,1,1913000
PPO,1914,4,0,3,1914000
PPO,1915,4,0,3,1915000
PPO,1916,2,0,1,1916000
PPO,1917,2,0,1,1917000
PPO,1918,2,0,1,1918000
PPO,1919,3,0,2,1919000
PPO,1920,2,0,1,1920000
PPO,1921,3,0,2,1921000
PPO,1922,2,0,1,1922000
PPO,1923,4,2,2.6,1923000
PPO,1924,4,0,3,1924000
PPO,1925,3,1,1.8,1925000
PPO,1926,3,0,2,1926000
PPO,1927,3,0,2,1927000
PPO,1928,4,0,3,1928000
PPO,1929,4,0,3,1929000
PPO,1930,2,0,1,1930000
PPO,1931,4,0,3,1931000
PPO,1932,5,0,4,1932000
PPO,1933,2,0,1,1933000
PPO,1934,4,0,3,1934000
PPO,1935,4,0,3,1935000
PPO,1936,4,0,3,1936000
PPO,1937,4,0,3,1937000
PPO,1938,4,0,3,1938000
PPO,1939,5,0,4,1939000
PPO,1940,4,0,3,1940000
PPO,1941,2,0,1,1941000
PPO,1942,3,0,2,1942000
PPO,1943,4,0,3,1943000
PPO,1944,4,0,3,1944000
PPO,1945,4,0,3,1945000
PPO,1946,2,0,1,1946000
PPO,1947,5,0,4,1947000
PPO,1948,3,0,2,1948000
PPO,1949,2,0,1,1949000
PPO,1950,2,0,1,1950000
PPO,1951,3,0,2,1951000
PPO,1952,2,0,1,1952000
PPO,1953,2,0,1,1953000
PPO,1954,4,0,3,1954000
PPO,1955,3,0,2,1955000
PPO,1956,3,0,2,1956000
PPO,1957,5,0,4,1957000
PPO,1958,2,0,1,1958000
PPO,1959,2,0,1,1959000
PPO,1960,3,0,2,1960000
PPO,1961,3,0,2,1961000
PPO,1962,3,0,2,1962000
PPO,1963,4,0,3,1963000
PPO,1964,3,0,2,1964000
PPO,1965,2,0,1,1965000
PPO,1966,2,0,1,1966000
PPO,1967,4,0,3,1967000
PPO,1968,3,0,2,1968000
PPO,1969,3,0,2,1969000
PPO,1970,3,0,2,1970000
PPO,1971,3,1,1.8,1971000
PPO,1972,3,0,2,1972000
PPO,1973,3,0,2,1973000
PPO,1974,3,0,2,1974000
PPO,1975,2,0,1,1975000
PPO,1976,2,0,1,1976000
PPO,1977,3,0,2,1977000
PPO,1978,3,0,2,1978000
PPO,1979,2,0,1,1979000
PPO,1980,4,0,3,1980000
PPO,1981,3,0,2,1981000
PPO,1982,3,0,2,1982000
PPO,1983,2,0,1,1983000
PPO,1984,3,4,1.2,1984000
PPO,1985,2,0,1,1985000
PPO,1986,2,0,1,1986000
PPO,1987,4,0,3,1987000
PPO,1988,3,0,2,1988000
PPO,1989,3,0,2,1989000
PPO,1990,3,0,2,1990000
PPO,1991,4,0,3,1991000
PPO,1992,3,2,1.6,1992000
PPO,1993,4,0,3,1993000
PPO,1994,4,0,3,1994000
PPO,1995,3,0,2,1995000
PPO,1996,3,0,2,1996000
PPO,1997,3,0,2,1997000
PPO,1998,2,0,1,1998000
PPO,1999,3,0,2,1999000
PPO,2000,3,4,1.2,2000000
PPO,2001,4,0,3,2001000
PPO,2002,2,0,1,2002000
PPO,2003,3,0,2,2003000
PPO,2004,4,0,3,2004000
PPO,2005,2,0,1,2005000
PPO,2006,3,0,2,2006000
PPO,2007,2,0,1,2007000
PPO,2008,3,0,2,2008000
PPO,2009,3,0,2,2009000
PPO,2010,2,0,1,2010000
PPO,2011,3,0,2,2011000
PPO,2012,3,0,2,2012000
PPO,2013,3,0,2,2013000
PPO,2014,4,0,3,2014000
PPO,2015,4,0,3,2015000
PPO,2016,2,4,0.2,2016000
PPO,2017,3,0,2,2017000
PPO,2018,3,0,2,2018000
PPO,2019,3,0,2,2019000
PPO,2020,2,0,1,2020000
PPO,2021,3,0,2,2021000
PPO,2022,5,0,4,2022000
PPO,2023,2,0,1,2023000
PPO,2024,4,0,3,2024000
PPO,2025,3,0,2,2025000
PPO,2026,3,0,2,2026000
PPO,2027,3,0,2,2027000
PPO,2028,3,0,2,2028000
PPO,2029,4,0,3,2029000
PPO,2030,4,0,3,2030000
PPO,2031,4,0,3,2031000
PPO,2032,4,0,3,2032000
PPO,2033,3,0,2,2033000
PPO,2034,4,0,3,2034000
PPO,2035,3,5,1,2035000
PPO,2036,5,0,4,2036000
PPO,2037,2,0,1,2037000
PPO,2038,4,0,3,2038000
PPO,2039,4,0,3,2039000
PPO,2040,4,0,3,2040000
PPO,2041,4,0,3,2041000
PPO,2042,3,0,2,2042000
PPO,2043,4,0,3,2043000
PPO,2044,4,0,3,2044000
PPO,2045,3,0,2,2045000
PPO,2046,2,0,1,2046000
PPO,2047,3,0,2,2047000
PPO,2048,2,8,-0.6,2048000
PPO,2049,4,0,3,2049000
PPO,2050,4,0,3,2050000
PPO,2051,2,0,1,2051000
PPO,2052,4,0,3,2052000
PPO,2053,3,0,2,2053000
PPO,2054,3,6,0.8,2054000
PPO,2055,6,0,5,2055000
PPO,2056,2,0,1,2056000
PPO,2057,4,0,3,2057000
PPO,2058,6,4,4.2,2058000
PPO,2059,3,0,2,2059000
PPO,2060,5,0,4,2060000
PPO,2061,4,0,3,2061000
PPO,2062,3,4,1.2,2062000
PPO,2063,3,0,2,2063000
PPO,2064,2,0,1,2064000
PPO,2065,5,0,4,2065000
PPO,2066,3,0,2,2066000
PPO,2067,5,0,4,2067000
PPO,2068,3,0,2,2068000
PPO,2069,4,0,3,2069000
PPO,2070,5,0,4,2070000
PPO,2071,3,0,2,2071000
PPO,2072,5,0,4,2072000
PPO,2073,2,0,1,2073000
PPO,2074,4,0,3,2074000
PPO,2075,3,0,2,2075000
PPO,2076,3,0,2,2076000
PPO,2077,4,0,3,2077000
PPO,2078,3,0,2,2078000
PPO,2079,4,0,3,2079000
PPO,2080,2,0,1,2080000
PPO,2081,3,0,2,2081000
PPO,2082,4,0,3,2082000
PPO,2083,3,0,2,2083000
PPO,2084,4,0,3,2084000
PPO,2085,2,0,1,2085000
PPO,2086,5,0,4,2086000
PPO,2087,5,0,4,2087000
PPO,2088,3,0,2,2088000
PPO,2089,2,0,1,2089000
PPO,2090,2,0,1,2090000
PPO,2091,6,0,5,2091000
PPO,2092,3,8,0.4,2092000
PPO,2093,3,0,2,2093000
PPO,2094,4,0,3,2094000
PPO,2095,3,0,2,2095000
PPO,2096,4,0,3,2096000
PPO,2097,3,0,2,2097000
PPO,2098,4,0,3,2098000
PPO,2099,5,0,4,2099000
PPO,2100,3,2,1.6,2100000
PPO,2101,3,0,2,2101000
PPO,2102,4,0,3,2102000
PPO,2103,5,0,4,2103000
PPO,2104,3,0,2,2104000
PPO,2105,3,0,2,2105000
PPO,2106,4,0,3,2106000
PPO,2107,5,4,3.2,2107000
PPO,2108,6,0,5,2108000
PPO,2109,4,0,3,2109000
PPO,2110,4,2,2.6,2110000
PPO,2111,3,0,2,2111000
PPO,2112,3,0,2,2112000
PPO,2113,5,0,4,2113000
PPO,2114,4,0,3,2114000
PPO,2115,5,0,4,2115000
PPO,2116,3,0,2,2116000
PPO,2117,2,0,1,2117000
PPO,2118,4,0,3,2118000
PPO,2119,3,0,2,2119000
PPO,2120,3,0,2,2120000
PPO,2121,4,0,3,2121000
PPO,2122,3,0,2,2122000
PPO,2123,4,0,3,2123000
PPO,2124,3,0,2,2124000
PPO,2125,4,0,3,2125000
PPO,2126,2,0,1,2126000
PPO,2127,4,0,3,2127000
PPO,2128,4,0,3,2128000
PPO,2129,4,0,3,2129000
PPO,2130,3,0,2,2130000
PPO,2131,2,0,1,2131000
PPO,2132,2,0,1,2132000
PPO,2133,4,0,3,2133000
PPO,2134,4,2,2.6,2134000
PPO,2135,5,0,4,2135000
PPO,2136,4,2,2.6,2136000
PPO,2137,5,0,4,2137000
PPO,2138,4,0,3,2138000
PPO,2139,3,0,2,2139000
PPO,2140,4,2,2.6,2140000
PPO,2141,6,0,5,2141000
PPO,2142,3,0,2,2142000
PPO,2143,3,4,1.2,2143000
PPO,2144,3,0,2,2144000
PPO,2145,5,0,4,2145000
PPO,2146,2,0,1,2146000
PPO,2147,3,5,1,2147000
PPO,2148,2,0,1,2148000
PPO,2149,3,0,2,2149000
PPO,2150,3,2,1.6,2150000
PPO,2151,4,0,3,2151000
PPO,2152,4,0,3,2152000
PPO,2153,6,0,5,2153000
PPO,2154,4,0,3,2154000
PPO,2155,4,0,3,2155000
PPO,2156,3,0,2,2156000
PPO,2157,5,0,4,2157000
PPO,2158,3,5,1,2158000
PPO,2159,6,0,5,2159000
PPO,2160,5,0,4,2160000
PPO,2161,2,4,0.2,2161000
PPO,2162,3,0,2,2162000
PPO,2163,3,0,2,2163000
PPO,2164,4,0,3,2164000
PPO,2165,2,0,1,2165000
PPO,2166,3,0,2,2166000
PPO,2167,3,0,2,2167000
PPO,2168,3,2,1.6,2168000
PPO,2169,5,0,4,2169000
PPO,2170,2,6,-0.2,2170000
PPO,2171,3,0,2,2171000
PPO,2172,3,0,2,2172000
PPO,2173,3,0,2,2173000
PPO,2174,2,0,1,2174000
PPO,2175,3,0,2,2175000
PPO,2176,2,0,1,2176000
PPO,2177,3,0,2,2177000
PPO,2178,3,0,2,2178000
PPO,2179,5,4,3.2,2179000
PPO,2180,4,0,3,2180000
PPO,2181,6,0,5,2181000
PPO,2182,3,0,2,2182000
PPO,2183,6,0,5,2183000
PPO,2184,3,0,2,2184000
PPO,2185,4,0,3,2185000
PPO,2186,5,0,4,2186000
PPO,2187,4,2,2.6,2187000
PPO,2188,4,0,3,2188000
PPO,2189,5,0,4,2189000
PPO,2190,3,0,2,2190000
PPO,2191,4,0,3,2191000
PPO,2192,2,2,0.6,2192000
PPO,2193,3,0,2,2193000
PPO,2194,3,0,2,2194000
PPO,2195,6,0,5,2195000
PPO,2196,3,0,2,2196000
PPO,2197,6,2,4.6,2197000
PPO,2198,3,0,2,2198000
PPO,2199,4,0,3,2199000
PPO,2200,5,0,4,2200000
PPO,2201,3,0,2,2201000
PPO,2202,3,0,2,2202000
PPO,2203,2,0,1,2203000
PPO,2204,4,3,2.4,2204000
PPO,2205,3,0,2,2205000
PPO,2206,3,0,2,2206000
PPO,2207,4,0,3,2207000
PPO,2208,5,0,4,2208000
PPO,2209,4,0,3,2209000
PPO,2210,3,0,2,2210000
PPO,2211,6,0,5,2211000
PPO,2212,3,0,2,2212000
PPO,2213,4,0,3,2213000
PPO,2214,4,0,3,2214000
PPO,2215,2,0,1,2215000
PPO,2216,3,0,2,2216000
PPO,2217,3,0,2,2217000
PPO,2218,5,0,4,2218000
PPO,2219,3,0,2,2219000
PPO,2220,5,0,4,2220000
PPO,2221,3,0,2,2221000
PPO,2222,4,0,3,2222000
PPO,2223,5,0,4,2223000
PPO,2224,6,0,5,2224000
PPO,2225,4,0,3,2225000
PPO,2226,3,0,2,2226000
PPO,2227,5,0,4,2227000
PPO,2228,5,0,4,2228000
PPO,2229,4,2,2.6,2229000
PPO,2230,5,0,4,2230000
PPO,2231,2,0,1,2231000
PPO,2232,3,0,2,2232000
PPO,2233,3,0,2,2233000
PPO,2234,3,3,1.4,2234000
PPO,2235,4,0,3,2235000
PPO,2236,5,0,4,2236000
PPO,2237,7,0,6,2237000
PPO,2238,4,0,3,2238000
PPO,2239,6,0,5,2239000
PPO,2240,6,0,5,2240000
PPO,2241,6,0,5,2241000
PPO,2242,6,0,5,2242000
PPO,2243,6,0,5,2243000
PPO,2244,4,0,3,2244000
PPO,2245,5,0,4,2245000
PPO,2246,3,0,2,2246000
PPO,2247,6,0,5,2247000
PPO,2248,6,0,5,2248000
PPO,2249,2,0,1,2249000
PPO,2250,6,4,4.2,2250000
PPO,2251,2,0,1,2251000
PPO,2252,4,0,3,2252000
PPO,2253,3,0,2,2253000
PPO,2254,2,0,1,2254000
PPO,2255,5,0,4,2255000
PPO,2256,7,0,6,2256000
PPO,2257,4,2,2.6,2257000
PPO,2258,6,0,5,2258000
PPO,2259,2,0,1,2259000
PPO,2260,3,0,2,2260000
PPO,2261,4,0,3,2261000
PPO,2262,6,0,5,2262000
PPO,2263,3,3,1.4,2263000
PPO,2264,4,0,3,2264000
PPO,2265,5,0,4,2265000
PPO,2266,5,0,4,2266000
PPO,2267,2,0,1,2267000
PPO,2268,4,0,3,2268000
PPO,2269,6,2,4.6,2269000
PPO,2270,4,0,3,2270000
PPO,2271,2,0,1,2271000
PPO,2272,7,0,6,2272000
PPO,2273,3,4,1.2,2273000
PPO,2274,5,0,4,2274000
PPO,2275,5,0,4,2275000
PPO,2276,3,0,2,2276000
PPO,2277,5,0,4,2277000
PPO,2278,3,0,2,2278000
PPO,2279,2,0,1,2279000
PPO,2280,6,0,5,2280000
PPO,2281,5,0,4,2281000
PPO,2282,3,2,1.6,2282000
PPO,2283,3,0,2,2283000
PPO,2284,3,0,2,2284000
PPO,2285,6,0,5,2285000
PPO,2286,5,0,4,2286000
PPO,2287,5,3,3.4,2287000
PPO,2288,3,0,2,2288000
PPO,2289,5,2,3.6,2289000
PPO,2290,3,0,2,2290000
PPO,2291,3,0,2,2291000
PPO,2292,2,0,1,2292000
PPO,2293,7,2,5.6,2293000
PPO,2294,3,1,1.8,2294000
PPO,2295,3,0,2,2295000
PPO,2296,6,0,5,2296000
PPO,2297,3,12,-0.4,2297000
PPO,2298,7,0,6,2298000
PPO,2299,2,0,1,2299000
PPO,2300,5,0,4,2300000
PPO,2301,2,0,1,2301000
PPO,2302,4,2,2.6,2302000
PPO,2303,6,0,5,2303000
PPO,2304,3,3,1.4,2304000
PPO,2305,3,0,2,2305000
PPO,2306,4,0,3,2306000
PPO,2307,5,1,3.8,2307000
PPO,2308,3,0,2,2308000
PPO,2309,4,0,3,2309000
PPO,2310,3,0,2,2310000
PPO,2311,4,0,3,2311000
PPO,2312,3,0,2,2312000
PPO,2313,7,0,6,2313000
PPO,2314,3,0,2,2314000
PPO,2315,5,0,4,2315000
PPO,2316,6,0,5,2316000
PPO,2317,4,0,3,2317000
PPO,2318,4,0,3,2318000
PPO,2319,3,4,1.2,2319000
PPO,2320,5,0,4,2320000
PPO,2321,2,0,1,2321000
PPO,2322,3,0,2,2322000
PPO,2323,5,0,4,2323000
PPO,2324,6,0,5,2324000
PPO,2325,3,0,2,2325000
PPO,2326,5,0,4,2326000
PPO,2327,2,0,1,2327000
PPO,2328,4,0,3,2328000
PPO,2329,5,4,3.2,2329000
PPO,2330,5,0,4,2330000
PPO,2331,5,0,4,2331000
PPO,2332,5,0,4,2332000
PPO,2333,5,0,4,2333000
PPO,2334,2,0,1,2334000
PPO,2335,6,0,5,2335000
PPO,2336,3,0,2,2336000
PPO,2337,3,0,2,2337000
PPO,2338,3,1,1.8,2338000
PPO,2339,3,0,2,2339000
PPO,2340,5,2,3.6,2340000
PPO,2341,4,0,3,2341000
PPO,2342,4,0,3,2342000
PPO,2343,5,2,3.6,2343000
PPO,2344,4,0,3,2344000
PPO,2345,2,0,1,2345000
PPO,2346,7,2,5.6,2346000
PPO,2347,5,4,3.2,2347000
PPO,2348,5,0,4,2348000
PPO,2349,4,2,2.6,2349000
PPO,2350,3,0,2,2350000
PPO,2351,6,0,5,2351000
PPO,2352,3,6,0.8,2352000
PPO,2353,4,0,3,2353000
PPO,2354,5,0,4,2354000
PPO,2355,3,0,2,2355000
PPO,2356,6,0,5,2356000
PPO,2357,4,0,3,2357000
PPO,2358,7,0,6,2358000
PPO,2359,4,0,3,2359000
PPO,2360,6,0,5,2360000
PPO,2361,4,1,2.8,2361000
PPO,2362,5,0,4,2362000
PPO,2363,3,0,2,2363000
PPO,2364,3,5,1,2364000
PPO,2365,6,0,5,2365000
PPO,2366,3,0,2,2366000
PPO,2367,3,2,1.6,2367000
PPO,2368,2,0,1,2368000
PPO,2369,5,2,3.6,2369000
PPO,2370,3,3,1.4,2370000
PPO,2371,3,0,2,2371000
PPO,2372,3,0,2,2372000
PPO,2373,3,0,2,2373000
PPO,2374,7,2,5.6,2374000
PPO,2375,5,0,4,2375000
PPO,2376,2,0,1,2376000
PPO,2377,7,0,6,2377000
PPO,2378,2,0,1,2378000
PPO,2379,6,0,5,2379000
PPO,2380,2,0,1,2380000
PPO,2381,7,9,4.2,2381000
PPO,2382,4,0,3,2382000
PPO,2383,4,0,3,2383000
PPO,2384,5,0,4,2384000
PPO,2385,6,0,5,2385000
PPO,2386,5,0,4,2386000
PPO,2387,6,0,5,2387000
PPO,2388,4,0,3,2388000
PPO,2389,4,0,3,2389000
PPO,2390,4,0,3,2390000
PPO,2391,3,0,2,2391000
PPO,2392,3,0,2,2392000
PPO,2393,5,0,4,2393000
PPO,2394,5,0,4,2394000
PPO,2395,4,0,3,2395000
PPO,2396,2,0,1,2396000
PPO,2397,3,0,2,2397000
PPO,2398,6,0,5,2398000
PPO,2399,4,0,3,2399000
PPO,2400,3,0,2,2400000
PPO,2401,4,0,3,2401000
PPO,2402,3,0,2,2402000
PPO,2403,5,0,4,2403000
PPO,2404,3,0,2,2404000
PPO,2405,6,2,4.6,2405000
PPO,2406,4,0,3,2406000
PPO,2407,3,0,2,2407000
PPO,2408,4,0,3,2408000
PPO,2409,3,0,2,2409000
PPO,2410,3,0,2,2410000
PPO,2411,2,0,1,2411000
PPO,2412,3,0,2,2412000
PPO,2413,5,0,4,2413000
PPO,2414,3,0,2,2414000
PPO,2415,3,0,2,2415000
PPO,2416,3,0,2,2416000
PPO,2417,7,2,5.6,2417000
PPO,2418,3,4,1.2,2418000
PPO,2419,4,0,3,2419000
PPO,2420,7,7,4.6,2420000
PPO,2421,3,0,2,2421000
PPO,2422,4,4,2.2,2422000
PPO,2423,3,0,2,2423000
PPO,2424,5,0,4,2424000
PPO,2425,4,4,2.2,2425000
PPO,2426,6,0,5,2426000
PPO,2427,3,0,2,2427000
PPO,2428,6,0,5,2428000
PPO,2429,2,0,1,2429000
PPO,2430,3,0,2,2430000
PPO,2431,5,0,4,2431000
PPO,2432,4,0,3,2432000
PPO,2433,3,0,2,2433000
PPO,2434,4,0,3,2434000
PPO,2435,6,0,5,2435000
PPO,2436,3,0,2,2436000
PPO,2437,3,0,2,2437000
PPO,2438,5,0,4,2438000
PPO,2439,6,6,3.8,2439000
PPO,2440,7,3,5.4,2440000
PPO,2441,6,0,5,2441000
PPO,2442,3,0,2,2442000
PPO,2443,7,0,6,2443000
PPO,2444,6,0,5,2444000
PPO,2445,2,0,1,2445000
PPO,2446,3,8,0.4,2446000
PPO,2447,4,4,2.2,2447000
PPO,2448,6,0,5,2448000
PPO,2449,4,2,2.6,2449000
PPO,2450,4,0,3,2450000
PPO,2451,3,0,2,2451000
PPO,2452,3,0,2,2452000
PPO,2453,7,0,6,2453000
PPO,2454,7,0,6,2454000
PPO,2455,3,3,1.4,2455000
PPO,2456,3,4,1.2,2456000
PPO,2457,7,0,6,2457000
PPO,2458,5,2,3.6,2458000
PPO,2459,2,0,1,2459000
PPO,2460,7,0,6,2460000
PPO,2461,4,0,3,2461000
PPO,2462,4,0,3,2462000
PPO,2463,4,0,3,2463000
PPO,2464,3,0,2,2464000
PPO,2465,5,0,4,2465000
PPO,2466,4,0,3,2466000
PPO,2467,3,0,2,2467000
PPO,2468,3,0,2,2468000
PPO,2469,3,0,2,2469000
PPO,2470,2,0,1,2470000
PPO,2471,5,0,4,2471000
PPO,2472,4,0,3,2472000
PPO,2473,4,0,3,2473000
PPO,2474,7,4,5.2,2474000
PPO,2475,6,0,5,2475000
PPO,2476,3,4,1.2,2476000
PPO,2477,3,0,2,2477000
PPO,2478,2,0,1,2478000
PPO,2479,4,0,3,2479000
PPO,2480,4,0,3,2480000
PPO,2481,7,0,6,2481000
PPO,2482,4,0,3,2482000
PPO,2483,6,0,5,2483000
PPO,2484,4,0,3,2484000
PPO,2485,2,0,1,2485000
PPO,2486,4,4,2.2,2486000
PPO,2487,6,1,4.8,2487000
PPO,2488,3,0,2,2488000
PPO,2489,5,0,4,2489000
PPO,2490,4,4,2.2,2490000
PPO,2491,3,0,2,2491000
PPO,2492,6,0,5,2492000
PPO,2493,5,2,3.6,2493000
PPO,2494,3,0,2,2494000
PPO,2495,5,2,3.6,2495000
PPO,2496,6,4,4.2,2496000
PPO,2497,6,0,5,2497000
PPO,2498,3,0,2,2498000
PPO,2499,4,2,2.6,2499000
PPO,2500,4,3,2.4,2500000
PPO,2501,5,0,4,2501000
PPO,2502,2,0,1,2502000
PPO,2503,5,0,4,2503000
PPO,2504,6,3,4.4,2504000
PPO,2505,3,0,2,2505000
PPO,2506,1,0,0,2506000
PPO,2507,4,7,1.6,2507000
PPO,2508,6,0,5,2508000
PPO,2509,7,0,6,2509000
PPO,2510,5,2,3.6,2510000
PPO,2511,5,5,3,2511000
PPO,2512,3,0,2,2512000
PPO,2513,6,0,5,2513000
PPO,2514,3,4,1.2,2514000
PPO,2515,7,3,5.4,2515000
PPO,2516,6,0,5,2516000
PPO,2517,4,0,3,2517000
PPO,2518,8,8,5.4,2518000
PPO,2519,5,0,4,2519000
PPO,2520,3,0,2,2520000
PPO,2521,3,0,2,2521000
PPO,2522,3,0,2,2522000
PPO,2523,5,4,3.2,2523000
PPO,2524,3,3,1.4,2524000
PPO,2525,5,0,4,2525000
PPO,2526,5,0,4,2526000
PPO,2527,4,4,2.2,2527000
PPO,2528,7,0,6,2528000
PPO,2529,3,6,0.8,2529000
PPO,2530,2,2,0.6,2530000
PPO,2531,5,0,4,2531000
PPO,2532,5,2,3.6,2532000
PPO,2533,5,0,4,2533000
PPO,2534,5,0,4,2534000
PPO,2535,4,0,3,2535000
PPO,2536,4,0,3,2536000
PPO,2537,5,1,3.8,2537000
PPO,2538,6,0,5,2538000
PPO,2539,6,0,5,2539000
PPO,2540,2,6,-0.2,2540000
PPO,2541,6,0,5,2541000
PPO,2542,6,0,5,2542000
PPO,2543,6,0,5,2543000
PPO,2544,4,2,2.6,2544000
PPO,2545,6,0,5,2545000
PPO,2546,4,1,2.8,2546000
PPO,2547,7,0,6,2547000
PPO,2548,5,0,4,2548000
PPO,2549,3,1,1.8,2549000
PPO,2550,6,6,3.8,2550000
PPO,2551,6,2,4.6,2551000
PPO,2552,2,0,1,2552000
PPO,2553,7,6,4.8,2553000
PPO,2554,7,0,6,2554000
PPO,2555,4,2,2.6,2555000
PPO,2556,6,3,4.4,2556000
PPO,2557,6,0,5,2557000
PPO,2558,3,4,1.2,2558000
PPO,2559,2,0,1,2559000
PPO,2560,7,0,6,2560000
PPO,2561,4,0,3,2561000
PPO,2562,4,4,2.2,2562000
PPO,2563,7,4,5.2,2563000
PPO,2564,5,0,4,2564000
PPO,2565,5,0,4,2565000
PPO,2566,6,0,5,2566000
PPO,2567,5,0,4,2567000
PPO,2568,4,2,2.6,2568000
PPO,2569,4,0,3,2569000
PPO,2570,2,0,1,2570000
PPO,2571,7,0,6,2571000
PPO,2572,5,8,2.4,2572000
PPO,2573,4,7,1.6,2573000
PPO,2574,3,6,0.8,2574000
PPO,2575,4,0,3,2575000
PPO,2576,5,0,4,2576000
PPO,2577,6,0,5,2577000
PPO,2578,6,0,5,2578000
PPO,2579,3,0,2,2579000
PPO,2580,3,1,1.8,2580000
PPO,2581,7,0,6,2581000
PPO,2582,3,0,2,2582000
PPO,2583,5,0,4,2583000
PPO,2584,3,0,2,2584000
PPO,2585,2,0,1,2585000
PPO,2586,3,11,-0.2,2586000
PPO,2587,3,0,2,2587000
PPO,2588,4,4,2.2,2588000
PPO,2589,1,0,0,2589000
PPO,2590,4,2,2.6,2590000
PPO,2591,6,0,5,2591000
PPO,2592,4,0,3,2592000
PPO,2593,7,0,6,2593000
PPO,2594,3,0,2,2594000
PPO,2595,3,2,1.6,2595000
PPO,2596,3,0,2,2596000
PPO,2597,2,0,1,2597000
PPO,2598,3,0,2,2598000
PPO,2599,3,4,1.2,2599000
PPO,2600,5,4,3.2,2600000
PPO,2601,6,0,5,2601000
PPO,2602,7,0,6,2602000
PPO,2603,2,0,1,2603000
PPO,2604,5,1,3.8,2604000
PPO,2605,6,0,5,2605000
PPO,2606,2,0,1,2606000
PPO,2607,2,0,1,2607000
PPO,2608,5,0,4,2608000
PPO,2609,6,0,5,2609000
PPO,2610,7,0,6,2610000
PPO,2611,3,9,0.2,2611000
PPO,2612,3,2,1.6,2612000
PPO,2613,6,0,5,2613000
PPO,2614,4,0,3,2614000
PPO,2615,8,2,6.6,2615000
PPO,2616,4,0,3,2616000
PPO,2617,5,4,3.2,2617000
PPO,2618,6,0,5,2618000
PPO,2619,5,0,4,2619000
PPO,2620,4,0,3,2620000
PPO,2621,5,0,4,2621000
PPO,2622,6,0,5,2622000
PPO,2623,3,0,2,2623000
PPO,2624,2,0,1,2624000
PPO,2625,2,5,-1.490116E-08,2625000
PPO,2626,6,0,5,2626000
PPO,2627,5,0,4,2627000
PPO,2628,5,0,4,2628000
PPO,2629,3,1,1.8,2629000
PPO,2630,7,0,6,2630000
PPO,2631,7,0,6,2631000
PPO,2632,3,4,1.2,2632000
PPO,2633,3,6,0.8,2633000
PPO,2634,3,4,1.2,2634000
PPO,2635,6,0,5,2635000
PPO,2636,7,0,6,2636000
PPO,2637,3,2,1.6,2637000
PPO,2638,7,1,5.8,2638000
PPO,2639,7,2,5.6,2639000
PPO,2640,5,0,4,2640000
PPO,2641,3,4,1.2,2641000
PPO,2642,6,1,4.8,2642000
PPO,2643,3,2,1.6,2643000
PPO,2644,7,0,6,2644000
PPO,2645,3,0,2,2645000
PPO,2646,3,2,1.6,2646000
PPO,2647,3,12,-0.4,2647000
PPO,2648,3,0,2,2648000
PPO,2649,3,0,2,2649000
PPO,2650,8,0,7,2650000
PPO,2651,4,0,3,2651000
PPO,2652,6,0,5,2652000
PPO,2653,3,0,2,2653000
PPO,2654,7,0,6,2654000
PPO,2655,7,4,5.2,2655000
PPO,2656,6,0,5,2656000
PPO,2657,6,0,5,2657000
PPO,2658,3,4,1.2,2658000
PPO,2659,3,0,2,2659000
PPO,2660,7,0,6,2660000
PPO,2661,6,14,2.2,2661000
PPO,2662,3,0,2,2662000
PPO,2663,3,0,2,2663000
PPO,2664,5,0,4,2664000
PPO,2665,3,0,2,2665000
PPO,2666,3,0,2,2666000
PPO,2667,3,0,2,2667000
PPO,2668,3,0,2,2668000
PPO,2669,5,2,3.6,2669000
PPO,2670,7,0,6,2670000
PPO,2671,3,0,2,2671000
PPO,2672,5,0,4,2672000
PPO,2673,7,4,5.2,2673000
PPO,2674,4,0,3,2674000
PPO,2675,3,3,1.4,2675000
PPO,2676,4,0,3,2676000
PPO,2677,6,0,5,2677000
PPO,2678,4,2,2.6,2678000
PPO,2679,4,0,3,2679000
PPO,2680,2,6,-0.2,2680000
PPO,2681,7,0,6,2681000
PPO,2682,2,0,1,2682000
PPO,2683,6,0,5,2683000
PPO,2684,3,0,2,2684000
PPO,2685,2,0,1,2685000
PPO,2686,4,0,3,2686000
PPO,2687,6,4,4.2,2687000
PPO,2688,3,3,1.4,2688000
PPO,2689,6,0,5,2689000
PPO,2690,4,0,3,2690000
PPO,2691,6,0,5,2691000
PPO,2692,3,9,0.2,2692000
PPO,2693,5,0,4,2693000
PPO,2694,6,0,5,2694000
PPO,2695,5,0,4,2695000
PPO,2696,3,0,2,2696000
PPO,2697,2,0,1,2697000
PPO,2698,7,0,6,2698000
PPO,2699,3,2,1.6,2699000
PPO,2700,6,6,3.8,2700000
PPO,2701,5,0,4,2701000
PPO,2702,3,0,2,2702000
PPO,2703,4,0,3,2703000
PPO,2704,5,4,3.2,2704000
PPO,2705,3,0,2,2705000
PPO,2706,2,0,1,2706000
PPO,2707,2,6,-0.2,2707000
PPO,2708,7,0,6,2708000
PPO,2709,2,0,1,2709000
PPO,2710,6,0,5,2710000
PPO,2711,5,2,3.6,2711000
PPO,2712,7,0,6,2712000
PPO,2713,3,2,1.6,2713000
PPO,2714,5,0,4,2714000
PPO,2715,8,6,5.8,2715000
PPO,2716,2,0,1,2716000
PPO,2717,3,0,2,2717000
PPO,2718,4,5,2,2718000
PPO,2719,3,1,1.8,2719000
PPO,2720,3,0,2,2720000
PPO,2721,7,0,6,2721000
PPO,2722,2,0,1,2722000
PPO,2723,4,14,0.2,2723000
PPO,2724,4,0,3,2724000
PPO,2725,5,0,4,2725000
PPO,2726,9,2,7.6,2726000
PPO,2727,6,4,4.2,2727000
PPO,2728,7,0,6,2728000
PPO,2729,3,4,1.2,2729000
PPO,2730,3,2,1.6,2730000
PPO,2731,6,5,4,2731000
PPO,2732,5,0,4,2732000
PPO,2733,4,4,2.2,2733000
PPO,2734,6,0,5,2734000
PPO,2735,4,4,2.2,2735000
PPO,2736,4,0,3,2736000
PPO,2737,3,7,0.6,2737000
PPO,2738,3,9,0.2,2738000
PPO,2739,5,0,4,2739000
PPO,2740,4,0,3,2740000
PPO,2741,6,0,5,2741000
PPO,2742,3,10,-2.980232E-08,2742000
PPO,2743,3,0,2,2743000
PPO,2744,7,0,6,2744000
PPO,2745,7,0,6,2745000
PPO,2746,6,0,5,2746000
PPO,2747,3,5,1,2747000
PPO,2748,7,0,6,2748000
PPO,2749,4,0,3,2749000
PPO,2750,4,4,2.2,2750000
PPO,2751,7,1,5.8,2751000
PPO,2752,4,0,3,2752000
PPO,2753,2,0,1,2753000
PPO,2754,6,0,5,2754000
PPO,2755,3,0,2,2755000
PPO,2756,2,0,1,2756000
PPO,2757,3,5,1,2757000
PPO,2758,3,4,1.2,2758000
PPO,2759,4,5,2,2759000
PPO,2760,7,0,6,2760000
PPO,2761,6,2,4.6,2761000
PPO,2762,5,2,3.6,2762000
PPO,2763,6,2,4.6,2763000
PPO,2764,7,4,5.2,2764000
PPO,2765,3,0,2,2765000
PPO,2766,3,0,2,2766000
PPO,2767,5,0,4,2767000
PPO,2768,2,0,1,2768000
PPO,2769,6,0,5,2769000
PPO,2770,3,0,2,2770000
PPO,2771,2,0,1,2771000
PPO,2772,7,2,5.6,2772000
PPO,2773,3,4,1.2,2773000
PPO,2774,5,0,4,2774000
PPO,2775,7,2,5.6,2775000
PPO,2776,2,0,1,2776000
PPO,2777,7,0,6,2777000
PPO,2778,4,4,2.2,2778000
PPO,2779,3,1,1.8,2779000
PPO,2780,5,0,4,2780000
PPO,2781,7,4,5.2,2781000
PPO,2782,6,4,4.2,2782000
PPO,2783,7,6,4.8,2783000
PPO,2784,4,0,3,2784000
PPO,2785,4,5,2,2785000
PPO,2786,6,0,5,2786000
PPO,2787,5,4,3.2,2787000
PPO,2788,5,0,4,2788000
PPO,2789,4,2,2.6,2789000
PPO,2790,3,0,2,2790000
PPO,2791,3,3,1.4,2791000
PPO,2792,6,8,3.4,2792000
PPO,2793,7,2,5.6,2793000
PPO,2794,3,0,2,2794000
PPO,2795,4,3,2.4,2795000
PPO,2796,7,3,5.4,2796000
PPO,2797,4,4,2.2,2797000
PPO,2798,6,0,5,2798000
PPO,2799,4,0,3,2799000
PPO,2800,4,2,2.6,2800000
PPO,2801,2,0,1,2801000
PPO,2802,7,7,4.6,2802000
PPO,2803,6,2,4.6,2803000
PPO,2804,8,0,7,2804000
PPO,2805,5,0,4,2805000
PPO,2806,6,0,5,2806000
PPO,2807,3,0,2,2807000
PPO,2808,3,4,1.2,2808000
PPO,2809,3,0,2,2809000
PPO,2810,8,0,7,2810000
PPO,2811,6,7,3.6,2811000
PPO,2812,5,4,3.2,2812000
PPO,2813,8,2,6.6,2813000
PPO,2814,3,0,2,2814000
PPO,2815,4,11,0.8,2815000
PPO,2816,3,3,1.4,2816000
PPO,2817,7,0,6,2817000
PPO,2818,3,2,1.6,2818000
PPO,2819,5,2,3.6,2819000
PPO,2820,3,2,1.6,2820000
PPO,2821,6,4,4.2,2821000
PPO,2822,6,0,5,2822000
PPO,2823,3,4,1.2,2823000
PPO,2824,6,0,5,2824000
PPO,2825,3,0,2,2825000
PPO,2826,6,0,5,2826000
PPO,2827,5,2,3.6,2827000
PPO,2828,4,4,2.2,2828000
PPO,2829,4,4,2.2,2829000
PPO,2830,3,0,2,2830000
PPO,2831,7,4,5.2,2831000
PPO,2832,7,2,5.6,2832000
PPO,2833,7,0,6,2833000
PPO,2834,3,2,1.6,2834000
PPO,2835,7,0,6,2835000
PPO,2836,6,0,5,2836000
PPO,2837,7,3,5.4,2837000
PPO,2838,3,0,2,2838000
PPO,2839,5,0,4,2839000
PPO,2840,5,5,3,2840000
PPO,2841,3,1,1.8,2841000
PPO,2842,3,2,1.6,2842000
PPO,2843,8,2,6.6,2843000
PPO,2844,7,0,6,2844000
PPO,2845,3,4,1.2,2845000
PPO,2846,3,2,1.6,2846000
PPO,2847,3,0,2,2847000
PPO,2848,7,0,6,2848000
PPO,2849,3,0,2,2849000
PPO,2850,5,4,3.2,2850000
PPO,2851,3,0,2,2851000
PPO,2852,6,0,5,2852000
PPO,2853,4,5,2,2853000
PPO,2854,3,0,2,2854000
PPO,2855,7,4,5.2,2855000
PPO,2856,8,2,6.6,2856000
PPO,2857,6,0,5,2857000
PPO,2858,4,2,2.6,2858000
PPO,2859,3,4,1.2,2859000
PPO,2860,6,2,4.6,2860000
PPO,2861,7,0,6,2861000
PPO,2862,4,0,3,2862000
PPO,2863,2,0,1,2863000
PPO,2864,5,0,4,2864000
PPO,2865,2,5,-1.490116E-08,2865000
PPO,2866,6,2,4.6,2866000
PPO,2867,5,0,4,2867000
PPO,2868,7,0,6,2868000
PPO,2869,7,0,6,2869000
PPO,2870,7,0,6,2870000
PPO,2871,6,0,5,2871000
PPO,2872,8,0,7,2872000
PPO,2873,7,0,6,2873000
PPO,2874,2,0,1,2874000
PPO,2875,5,0,4,2875000
PPO,2876,7,0,6,2876000
PPO,2877,2,0,1,2877000
PPO,2878,4,0,3,2878000
PPO,2879,4,8,1.4,2879000
PPO,2880,2,0,1,2880000
PPO,2881,8,11,4.8,2881000
PPO,2882,2,0,1,2882000
PPO,2883,3,4,1.2,2883000
PPO,2884,6,0,5,2884000
PPO,2885,6,0,5,2885000
PPO,2886,5,0,4,2886000
PPO,2887,4,4,2.2,2887000
PPO,2888,8,4,6.2,2888000
PPO,2889,7,0,6,2889000
PPO,2890,3,0,2,2890000
PPO,2891,3,3,1.4,2891000
PPO,2892,4,0,3,2892000
PPO,2893,3,2,1.6,2893000
PPO,2894,3,0,2,2894000
PPO,2895,7,8,4.4,2895000
PPO,2896,5,0,4,2896000
PPO,2897,4,2,2.6,2897000
PPO,2898,3,0,2,2898000
PPO,2899,4,12,0.6,2899000
PPO,2900,7,0,6,2900000
PPO,2901,2,0,1,2901000
PPO,2902,8,0,7,2902000
PPO,2903,8,0,7,2903000
PPO,2904,3,2,1.6,2904000
PPO,2905,5,0,4,2905000
PPO,2906,3,0,2,2906000
PPO,2907,5,4,3.2,2907000
PPO,2908,8,0,7,2908000
PPO,2909,5,0,4,2909000
PPO,2910,3,3,1.4,2910000
PPO,2911,7,2,5.6,2911000
PPO,2912,3,0,2,2912000
PPO,2913,7,4,5.2,2913000
PPO,2914,8,0,7,2914000
PPO,2915,7,6,4.8,2915000
PPO,2916,5,3,3.4,2916000
PPO,2917,3,4,1.2,2917000
PPO,2918,3,1,1.8,2918000
PPO,2919,3,0,2,2919000
PPO,2920,3,0,2,2920000
PPO,2921,7,0,6,2921000
PPO,2922,4,0,3,2922000
PPO,2923,3,0,2,2923000
PPO,2924,6,0,5,2924000
PPO,2925,7,4,5.2,2925000
PPO,2926,4,2,2.6,2926000
PPO,2927,5,0,4,2927000
PPO,2928,8,2,6.6,2928000
PPO,2929,3,5,1,2929000
PPO,2930,3,12,-0.4,2930000
PPO,2931,5,0,4,2931000
PPO,2932,6,0,5,2932000
PPO,2933,4,2,2.6,2933000
PPO,2934,6,0,5,2934000
PPO,2935,8,5,6,2935000
PPO,2936,8,2,6.6,2936000
PPO,2937,3,0,2,2937000
PPO,2938,8,0,7,2938000
PPO,2939,4,2,2.6,2939000
PPO,2940,5,0,4,2940000
PPO,2941,2,0,1,2941000
PPO,2942,4,4,2.2,2942000
PPO,2943,6,0,5,2943000
PPO,2944,2,0,1,2944000
PPO,2945,8,4,6.2,2945000
PPO,2946,3,6,0.8,2946000
PPO,2947,2,0,1,2947000
PPO,2948,2,0,1,2948000
PPO,2949,5,2,3.6,2949000
PPO,2950,7,0,6,2950000
PPO,2951,3,0,2,2951000
PPO,2952,4,6,1.8,2952000
PPO,2953,3,0,2,2953000
PPO,2954,4,0,3,2954000
PPO,2955,5,0,4,2955000
PPO,2956,4,2,2.6,2956000
PPO,2957,2,5,-1.490116E-08,2957000
PPO,2958,2,0,1,2958000
PPO,2959,6,0,5,2959000
PPO,2960,3,4,1.2,2960000
PPO,2961,6,8,3.4,2961000
PPO,2962,7,0,6,2962000
PPO,2963,4,0,3,2963000
PPO,2964,3,0,2,2964000
PPO,2965,8,0,7,2965000
PPO,2966,8,1,6.8,2966000
PPO,2967,5,0,4,2967000
PPO,2968,5,0,4,2968000
PPO,2969,7,0,6,2969000
PPO,2970,3,2,1.6,2970000
PPO,2971,7,0,6,2971000
PPO,2972,7,0,6,2972000
PPO,2973,3,3,1.4,2973000
PPO,2974,6,2,4.6,2974000
PPO,2975,7,8,4.4,2975000
PPO,2976,6,0,5,2976000
PPO,2977,3,2,1.6,2977000
PPO,2978,7,0,6,2978000
PPO,2979,7,0,6,2979000
PPO,2980,7,4,5.2,2980000
PPO,2981,4,0,3,2981000
PPO,2982,3,4,1.2,2982000
PPO,2983,6,0,5,2983000
PPO,2984,5,0,4,2984000
PPO,2985,5,0,4,2985000
PPO,2986,3,2,1.6,2986000
PPO,2987,5,0,4,2987000
PPO,2988,8,0,7,2988000
PPO,2989,8,2,6.6,2989000
PPO,2990,4,1,2.8,2990000
PPO,2991,8,2,6.6,2991000
PPO,2992,5,3,3.4,2992000
PPO,2993,8,4,6.2,2993000
PPO,2994,7,0,6,2994000
PPO,2995,2,0,1,2995000
PPO,2996,7,0,6,2996000
PPO,2997,5,0,4,2997000
PPO,2998,5,0,4,2998000
PPO,2999,4,0,3,2999000
PPO,3000,3,8,0.4,3000000
PPO,3001,5,0,4,3001000
PPO,3002,7,0,6,3002000
PPO,3003,3,0,2,3003000
PPO,3004,5,0,4,3004000
PPO,3005,2,0,1,3005000
PPO,3006,6,0,5,3006000
PPO,3007,7,0,6,3007000
PPO,3008,7,0,6,3008000
PPO,3009,4,0,3,3009000
PPO,3010,4,0,3,3010000
PPO,3011,7,0,6,3011000
PPO,3012,3,4,1.2,3012000
PPO,3013,8,0,7,3013000
PPO,3014,3,0,2,3014000
PPO,3015,4,5,2,3015000
PPO,3016,3,0,2,3016000
PPO,3017,4,4,2.2,3017000
PPO,3018,5,0,4,3018000
PPO,3019,5,0,4,3019000
PPO,3020,6,0,5,3020000
PPO,3021,3,0,2,3021000
PPO,3022,3,0,2,3022000
PPO,3023,4,0,3,3023000
PPO,3024,7,0,6,3024000
PPO,3025,3,14,-0.8000001,3025000
PPO,3026,3,8,0.4,3026000
PPO,3027,2,0,1,3027000
PPO,3028,8,2,6.6,3028000
PPO,3029,2,0,1,3029000
PPO,3030,3,0,2,3030000
PPO,3031,3,3,1.4,3031000
PPO,3032,4,0,3,3032000
PPO,3033,7,1,5.8,3033000
PPO,3034,4,4,2.2,3034000
PPO,3035,3,0,2,3035000
PPO,3036,3,0,2,3036000
PPO,3037,8,2,6.6,3037000
PPO,3038,4,0,3,3038000
PPO,3039,3,2,1.6,3039000
PPO,3040,6,0,5,3040000
PPO,3041,4,0,3,3041000
PPO,3042,3,4,1.2,3042000
PPO,3043,8,2,6.6,3043000
PPO,3044,3,0,2,3044000
PPO,3045,3,9,0.2,3045000
PPO,3046,3,6,0.8,3046000
PPO,3047,7,0,6,3047000
PPO,3048,3,2,1.6,3048000
PPO,3049,7,0,6,3049000
PPO,3050,8,0,7,3050000
PPO,3051,8,2,6.6,3051000
PPO,3052,7,2,5.6,3052000
PPO,3053,5,3,3.4,3053000
PPO,3054,8,2,6.6,3054000
PPO,3055,3,1,1.8,3055000
PPO,3056,3,2,1.6,3056000
PPO,3057,5,2,3.6,3057000
PPO,3058,3,0,2,3058000
PPO,3059,2,2,0.6,3059000
PPO,3060,2,0,1,3060000
PPO,3061,2,0,1,3061000
PPO,3062,7,4,5.2,3062000
PPO,3063,7,2,5.6,3063000
PPO,3064,5,2,3.6,3064000
PPO,3065,3,5,1,3065000
PPO,3066,4,2,2.6,3066000
PPO,3067,4,6,1.8,3067000
PPO,3068,6,1,4.8,3068000
PPO,3069,8,0,7,3069000
PPO,3070,6,0,5,3070000
PPO,3071,5,0,4,3071000
PPO,3072,3,3,1.4,3072000
PPO,3073,3,2,1.6,3073000
PPO,3074,8,2,6.6,3074000
PPO,3075,8,0,7,3075000
PPO,3076,3,1,1.8,3076000
PPO,3077,8,4,6.2,3077000
PPO,3078,6,0,5,3078000
PPO,3079,6,0,5,3079000
PPO,3080,3,0,2,3080000
PPO,3081,7,2,5.6,3081000
PPO,3082,4,2,2.6,3082000
PPO,3083,7,0,6,3083000
PPO,3084,7,0,6,3084000
PPO,3085,3,2,1.6,3085000
PPO,3086,3,0,2,3086000
PPO,3087,8,0,7,3087000
PPO,3088,7,0,6,3088000
PPO,3089,5,0,4,3089000
PPO,3090,8,2,6.6,3090000
PPO,3091,4,8,1.4,3091000
PPO,3092,3,2,1.6,3092000
PPO,3093,4,2,2.6,3093000
PPO,3094,3,1,1.8,3094000
PPO,3095,5,0,4,3095000
PPO,3096,3,0,2,3096000
PPO,3097,3,0,2,3097000
PPO,3098,6,0,5,3098000
PPO,3099,6,4,4.2,3099000
PPO,3100,8,4,6.2,3100000
PPO,3101,4,6,1.8,3101000
PPO,3102,8,2,6.6,3102000
PPO,3103,5,0,4,3103000
PPO,3104,3,1,1.8,3104000
PPO,3105,7,0,6,3105000
PPO,3106,5,0,4,3106000
PPO,3107,3,0,2,3107000
PPO,3108,3,2,1.6,3108000
PPO,3109,4,6,1.8,3109000
PPO,3110,3,9,0.2,3110000
PPO,3111,8,0,7,3111000
PPO,3112,3,0,2,3112000
PPO,3113,4,0,3,3113000
PPO,3114,3,2,1.6,3114000
PPO,3115,5,0,4,3115000
PPO,3116,4,16,-0.2,3116000
PPO,3117,3,0,2,3117000
PPO,3118,8,2,6.6,3118000
PPO,3119,7,3,5.4,3119000
PPO,3120,4,0,3,3120000
PPO,3121,7,0,6,3121000
PPO,3122,6,7,3.6,3122000
PPO,3123,8,0,7,3123000
PPO,3124,3,2,1.6,3124000
PPO,3125,3,0,2,3125000
PPO,3126,6,4,4.2,3126000
PPO,3127,7,1,5.8,3127000
PPO,3128,3,0,2,3128000
PPO,3129,8,0,7,3129000
PPO,3130,5,0,4,3130000
PPO,3131,3,2,1.6,3131000
PPO,3132,3,2,1.6,3132000
PPO,3133,4,3,2.4,3133000
PPO,3134,5,2,3.6,3134000
PPO,3135,7,0,6,3135000
PPO,3136,5,2,3.6,3136000
PPO,3137,3,2,1.6,3137000
PPO,3138,7,0,6,3138000
PPO,3139,3,4,1.2,3139000
PPO,3140,4,2,2.6,3140000
PPO,3141,5,0,4,3141000
PPO,3142,6,0,5,3142000
PPO,3143,8,4,6.2,3143000
PPO,3144,7,0,6,3144000
PPO,3145,2,0,1,3145000
PPO,3146,3,0,2,3146000
PPO,3147,7,2,5.6,3147000
PPO,3148,8,0,7,3148000
PPO,3149,8,0,7,3149000
PPO,3150,6,2,4.6,3150000
PPO,3151,3,11,-0.2,3151000
PPO,3152,3,0,2,3152000
PPO,3153,7,2,5.6,3153000
PPO,3154,8,4,6.2,3154000
PPO,3155,5,0,4,3155000
PPO,3156,8,2,6.6,3156000
PPO,3157,8,0,7,3157000
PPO,3158,4,4,2.2,3158000
PPO,3159,8,3,6.4,3159000
PPO,3160,4,4,2.2,3160000
PPO,3161,2,0,1,3161000
PPO,3162,8,4,6.2,3162000
PPO,3163,5,0,4,3163000
PPO,3164,4,1,2.8,3164000
PPO,3165,6,2,4.6,3165000
PPO,3166,3,7,0.6,3166000
PPO,3167,8,0,7,3167000
PPO,3168,3,1,1.8,3168000
PPO,3169,7,0,6,3169000
PPO,3170,4,0,3,3170000
PPO,3171,5,8,2.4,3171000
PPO,3172,7,2,5.6,3172000
PPO,3173,7,0,6,3173000
PPO,3174,3,0,2,3174000
PPO,3175,2,0,1,3175000
PPO,3176,6,0,5,3176000
PPO,3177,3,4,1.2,3177000
PPO,3178,3,4,1.2,3178000
PPO,3179,8,0,7,3179000
PPO,3180,5,2,3.6,3180000
PPO,3181,9,2,7.6,3181000
PPO,3182,8,3,6.4,3182000
PPO,3183,5,2,3.6,3183000
PPO,3184,7,0,6,3184000
PPO,3185,7,0,6,3185000
PPO,3186,6,0,5,3186000
PPO,3187,8,0,7,3187000
PPO,3188,3,0,2,3188000
PPO,3189,3,0,2,3189000
PPO,3190,7,0,6,3190000
PPO,3191,8,0,7,3191000
PPO,3192,3,2,1.6,3192000
PPO,3193,3,0,2,3193000
PPO,3194,6,0,5,3194000
PPO,3195,8,0,7,3195000
PPO,3196,8,0,7,3196000
PPO,3197,3,0,2,3197000
PPO,3198,7,2,5.6,3198000
PPO,3199,3,6,0.8,3199000
PPO,3200,3,7,0.6,3200000
PPO,3201,3,2,1.6,3201000
PPO,3202,7,0,6,3202000
PPO,3203,5,9,2.2,3203000
PPO,3204,4,4,2.2,3204000
PPO,3205,3,3,1.4,3205000
PPO,3206,8,0,7,3206000
PPO,3207,2,0,1,3207000
PPO,3208,8,0,7,3208000
PPO,3209,3,2,1.6,3209000
PPO,3210,3,0,2,3210000
PPO,3211,4,5,2,3211000
PPO,3212,3,8,0.4,3212000
PPO,3213,6,4,4.2,3213000
PPO,3214,3,5,1,3214000
PPO,3215,3,0,2,3215000
PPO,3216,4,0,3,3216000
PPO,3217,3,0,2,3217000
PPO,3218,3,3,1.4,3218000
PPO,3219,7,0,6,3219000
PPO,3220,8,0,7,3220000
PPO,3221,8,2,6.6,3221000
PPO,3222,6,1,4.8,3222000
PPO,3223,3,0,2,3223000
PPO,3224,9,6,6.8,3224000
PPO,3225,7,0,6,3225000
PPO,3226,8,0,7,3226000
PPO,3227,3,2,1.6,3227000
PPO,3228,3,0,2,3228000
PPO,3229,6,0,5,3229000
PPO,3230,4,5,2,3230000
PPO,3231,4,0,3,3231000
PPO,3232,3,0,2,3232000
PPO,3233,5,3,3.4,3233000
PPO,3234,3,6,0.8,3234000
PPO,3235,4,0,3,3235000
PPO,3236,2,0,1,3236000
PPO,3237,3,4,1.2,3237000
PPO,3238,8,0,7,3238000
PPO,3239,8,5,6,3239000
PPO,3240,6,0,5,3240000
PPO,3241,6,8,3.4,3241000
PPO,3242,4,5,2,3242000
PPO,3243,7,0,6,3243000
PPO,3244,3,0,2,3244000
PPO,3245,8,0,7,3245000
PPO,3246,4,2,2.6,3246000
PPO,3247,4,4,2.2,3247000
PPO,3248,3,0,2,3248000
PPO,3249,3,0,2,3249000
PPO,3250,3,0,2,3250000
PPO,3251,5,4,3.2,3251000
PPO,3252,3,2,1.6,3252000
PPO,3253,6,0,5,3253000
PPO,3254,7,0,6,3254000
PPO,3255,4,7,1.6,3255000
PPO,3256,3,2,1.6,3256000
PPO,3257,7,0,6,3257000
PPO,3258,5,0,4,3258000
PPO,3259,6,3,4.4,3259000
PPO,3260,5,0,4,3260000
PPO,3261,3,0,2,3261000
PPO,3262,8,8,5.4,3262000
PPO,3263,9,10,6,3263000
PPO,3264,3,0,2,3264000
PPO,3265,5,2,3.6,3265000
PPO,3266,9,2,7.6,3266000
PPO,3267,7,2,5.6,3267000
PPO,3268,9,6,6.8,3268000
PPO,3269,6,4,4.2,3269000
PPO,3270,3,0,2,3270000
PPO,3271,5,0,4,3271000
PPO,3272,3,2,1.6,3272000
PPO,3273,8,0,7,3273000
PPO,3274,3,4,1.2,3274000
PPO,3275,3,1,1.8,3275000
PPO,3276,9,0,8,3276000
PPO,3277,2,2,0.6,3277000
PPO,3278,6,4,4.2,3278000
PPO,3279,6,2,4.6,3279000
PPO,3280,9,4,7.2,3280000
PPO,3281,5,0,4,3281000
PPO,3282,3,4,1.2,3282000
PPO,3283,9,2,7.6,3283000
PPO,3284,3,4,1.2,3284000
PPO,3285,3,0,2,3285000
PPO,3286,9,0,8,3286000
PPO,3287,3,0,2,3287000
PPO,3288,8,0,7,3288000
PPO,3289,4,2,2.6,3289000
PPO,3290,2,0,1,3290000
PPO,3291,4,0,3,3291000
PPO,3292,3,2,1.6,3292000
PPO,3293,4,4,2.2,3293000
PPO,3294,6,4,4.2,3294000
PPO,3295,3,6,0.8,3295000
PPO,3296,8,0,7,3296000
PPO,3297,8,0,7,3297000
PPO,3298,7,1,5.8,3298000
PPO,3299,5,2,3.6,3299000
PPO,3300,4,2,2.6,3300000
PPO,3301,8,0,7,3301000
PPO,3302,5,4,3.2,3302000
PPO,3303,5,4,3.2,3303000
PPO,3304,7,0,6,3304000
PPO,3305,7,0,6,3305000
PPO,3306,3,8,0.4,3306000
PPO,3307,8,2,6.6,3307000
PPO,3308,4,2,2.6,3308000
PPO,3309,3,0,2,3309000
PPO,3310,2,0,1,3310000
PPO,3311,7,0,6,3311000
PPO,3312,6,3,4.4,3312000
PPO,3313,4,6,1.8,3313000
PPO,3314,9,2,7.6,3314000
PPO,3315,4,2,2.6,3315000
PPO,3316,7,0,6,3316000
PPO,3317,2,0,1,3317000
PPO,3318,8,0,7,3318000
PPO,3319,6,5,4,3319000
PPO,3320,3,7,0.6,3320000
PPO,3321,3,0,2,3321000
PPO,3322,3,2,1.6,3322000
PPO,3323,4,3,2.4,3323000
PPO,3324,2,2,0.6,3324000
PPO,3325,5,3,3.4,3325000
PPO,3326,8,1,6.8,3326000
PPO,3327,7,4,5.2,3327000
PPO,3328,5,8,2.4,3328000
PPO,3329,4,2,2.6,3329000
PPO,3330,7,0,6,3330000
PPO,3331,3,0,2,3331000
PPO,3332,3,0,2,3332000
PPO,3333,8,0,7,3333000
PPO,3334,6,6,3.8,3334000
PPO,3335,3,5,1,3335000
PPO,3336,3,0,2,3336000
PPO,3337,7,0,6,3337000
PPO,3338,4,0,3,3338000
PPO,3339,3,4,1.2,3339000
PPO,3340,4,0,3,3340000
PPO,3341,4,4,2.2,3341000
PPO,3342,3,4,1.2,3342000
PPO,3343,9,2,7.6,3343000
PPO,3344,3,6,0.8,3344000
PPO,3345,4,6,1.8,3345000
PPO,3346,3,0,2,3346000
PPO,3347,3,3,1.4,3347000
PPO,3348,8,0,7,3348000
PPO,3349,7,4,5.2,3349000
PPO,3350,5,2,3.6,3350000
PPO,3351,4,0,3,3351000
PPO,3352,3,4,1.2,3352000
PPO,3353,4,10,1,3353000
PPO,3354,5,0,4,3354000
PPO,3355,5,0,4,3355000
PPO,3356,4,0,3,3356000
PPO,3357,7,0,6,3357000
PPO,3358,3,0,2,3358000
PPO,3359,3,1,1.8,3359000
PPO,3360,8,0,7,3360000
PPO,3361,3,4,1.2,3361000
PPO,3362,3,4,1.2,3362000
PPO,3363,5,4,3.2,3363000
PPO,3364,8,0,7,3364000
PPO,3365,9,5,7,3365000
PPO,3366,8,4,6.2,3366000
PPO,3367,8,0,7,3367000
PPO,3368,7,0,6,3368000
PPO,3369,8,0,7,3369000
PPO,3370,8,0,7,3370000
PPO,3371,7,2,5.6,3371000
PPO,3372,4,2,2.6,3372000
PPO,3373,3,0,2,3373000
PPO,3374,3,2,1.6,3374000
PPO,3375,2,0,1,3375000
PPO,3376,9,0,8,3376000
PPO,3377,2,0,1,3377000
PPO,3378,7,2,5.6,3378000
PPO,3379,6,0,5,3379000
PPO,3380,4,6,1.8,3380000
PPO,3381,2,0,1,3381000
PPO,3382,6,0,5,3382000
PPO,3383,3,4,1.2,3383000
PPO,3384,4,3,2.4,3384000
PPO,3385,4,0,3,3385000
PPO,3386,2,0,1,3386000
PPO,3387,7,2,5.6,3387000
PPO,3388,5,2,3.6,3388000
PPO,3389,3,0,2,3389000
PPO,3390,2,0,1,3390000
PPO,3391,2,0,1,3391000
PPO,3392,7,0,6,3392000
PPO,3393,7,2,5.6,3393000
PPO,3394,5,0,4,3394000
PPO,3395,6,2,4.6,3395000
PPO,3396,3,7,0.6,3396000
PPO,3397,5,0,4,3397000
PPO,3398,3,5,1,3398000
PPO,3399,3,8,0.4,3399000
PPO,3400,4,4,2.2,3400000
PPO,3401,2,0,1,3401000
PPO,3402,4,0,3,3402000
PPO,3403,3,0,2,3403000
PPO,3404,2,0,1,3404000
PPO,3405,8,0,7,3405000
PPO,3406,4,0,3,3406000
PPO,3407,8,2,6.6,3407000
PPO,3408,5,0,4,3408000
PPO,3409,8,7,5.6,3409000
PPO,3410,4,2,2.6,3410000
PPO,3411,2,0,1,3411000
PPO,3412,7,4,5.2,3412000
PPO,3413,4,4,2.2,3413000
PPO,3414,8,0,7,3414000
PPO,3415,8,1,6.8,3415000
PPO,3416,7,2,5.6,3416000
PPO,3417,6,0,5,3417000
PPO,3418,8,0,7,3418000
PPO,3419,8,4,6.2,3419000
PPO,3420,4,0,3,3420000
PPO,3421,7,2,5.6,3421000
PPO,3422,6,2,4.6,3422000
PPO,3423,3,0,2,3423000
PPO,3424,3,0,2,3424000
PPO,3425,3,0,2,3425000
PPO,3426,3,2,1.6,3426000
PPO,3427,3,6,0.8,3427000
PPO,3428,4,2,2.6,3428000
PPO,3429,5,0,4,3429000
PPO,3430,6,2,4.6,3430000
PPO,3431,7,0,6,3431000
PPO,3432,9,4,7.2,3432000
PPO,3433,2,0,1,3433000
PPO,3434,3,0,2,3434000
PPO,3435,3,0,2,3435000
PPO,3436,3,4,1.2,3436000
PPO,3437,9,8,6.4,3437000
PPO,3438,5,0,4,3438000
PPO,3439,3,5,1,3439000
PPO,3440,5,2,3.6,3440000
PPO,3441,3,0,2,3441000
PPO,3442,7,6,4.8,3442000
PPO,3443,8,2,6.6,3443000
PPO,3444,3,2,1.6,3444000
PPO,3445,8,0,7,3445000
PPO,3446,4,0,3,3446000
PPO,3447,3,2,1.6,3447000
PPO,3448,8,0,7,3448000
PPO,3449,5,3,3.4,3449000
PPO,3450,3,4,1.2,3450000
PPO,3451,4,0,3,3451000
PPO,3452,2,0,1,3452000
PPO,3453,8,1,6.8,3453000
PPO,3454,7,0,6,3454000
PPO,3455,3,0,2,3455000
PPO,3456,8,0,7,3456000
PPO,3457,8,2,6.6,3457000
PPO,3458,3,0,2,3458000
PPO,3459,8,3,6.4,3459000
PPO,3460,4,2,2.6,3460000
PPO,3461,7,4,5.2,3461000
PPO,3462,8,0,7,3462000
PPO,3463,2,0,1,3463000
PPO,3464,4,0,3,3464000
PPO,3465,4,0,3,3465000
PPO,3466,4,0,3,3466000
PPO,3467,3,0,2,3467000
PPO,3468,3,2,1.6,3468000
PPO,3469,8,3,6.4,3469000
PPO,3470,8,2,6.6,3470000
PPO,3471,4,10,1,3471000
PPO,3472,3,0,2,3472000
PPO,3473,8,4,6.2,3473000
PPO,3474,3,8,0.4,3474000
PPO,3475,8,0,7,3475000
PPO,3476,8,0,7,3476000
PPO,3477,4,2,2.6,3477000
PPO,3478,3,0,2,3478000
PPO,3479,3,2,1.6,3479000
PPO,3480,2,0,1,3480000
PPO,3481,4,2,2.6,3481000
PPO,3482,2,0,1,3482000
PPO,3483,4,4,2.2,3483000
PPO,3484,4,0,3,3484000
PPO,3485,8,0,7,3485000
PPO,3486,5,6,2.8,3486000
PPO,3487,4,0,3,3487000
PPO,3488,8,2,6.6,3488000
PPO,3489,3,0,2,3489000
PPO,3490,5,0,4,3490000
PPO,3491,3,0,2,3491000
PPO,3492,7,4,5.2,3492000
PPO,3493,8,3,6.4,3493000
PPO,3494,3,0,2,3494000
PPO,3495,6,2,4.6,3495000
PPO,3496,8,0,7,3496000
PPO,3497,9,0,8,3497000
PPO,3498,8,7,5.6,3498000
PPO,3499,5,0,4,3499000
PPO,3500,8,0,7,3500000
PPO,3501,6,0,5,3501000
PPO,3502,5,1,3.8,3502000
PPO,3503,3,2,1.6,3503000
PPO,3504,8,0,7,3504000
PPO,3505,4,2,2.6,3505000
PPO,3506,8,0,7,3506000
PPO,3507,2,9,-0.8,3507000
PPO,3508,7,0,6,3508000
PPO,3509,3,4,1.2,3509000
PPO,3510,3,0,2,3510000
PPO,3511,4,1,2.8,3511000
PPO,3512,3,2,1.6,3512000
PPO,3513,8,0,7,3513000
PPO,3514,3,0,2,3514000
PPO,3515,4,6,1.8,3515000
PPO,3516,6,6,3.8,3516000
PPO,3517,9,2,7.6,3517000
PPO,3518,5,7,2.6,3518000
PPO,3519,2,0,1,3519000
PPO,3520,6,0,5,3520000
PPO,3521,3,0,2,3521000
PPO,3522,2,0,1,3522000
PPO,3523,9,3,7.4,3523000
PPO,3524,3,2,1.6,3524000
PPO,3525,8,0,7,3525000
PPO,3526,5,0,4,3526000
PPO,3527,3,5,1,3527000
PPO,3528,3,0,2,3528000
PPO,3529,9,2,7.6,3529000
PPO,3530,8,0,7,3530000
PPO,3531,3,0,2,3531000
PPO,3532,3,0,2,3532000
PPO,3533,6,0,5,3533000
PPO,3534,2,0,1,3534000
PPO,3535,9,0,8,3535000
PPO,3536,6,2,4.6,3536000
PPO,3537,6,0,5,3537000
PPO,3538,3,0,2,3538000
PPO,3539,3,8,0.4,3539000
PPO,3540,9,3,7.4,3540000
PPO,3541,3,0,2,3541000
PPO,3542,6,4,4.2,3542000
PPO,3543,3,0,2,3543000
PPO,3544,5,8,2.4,3544000
PPO,3545,3,6,0.8,3545000
PPO,3546,3,0,2,3546000
PPO,3547,2,0,1,3547000
PPO,3548,6,4,4.2,3548000
PPO,3549,8,0,7,3549000
PPO,3550,6,0,5,3550000
PPO,3551,4,0,3,3551000
PPO,3552,4,0,3,3552000
PPO,3553,4,2,2.6,3553000
PPO,3554,4,2,2.6,3554000
PPO,3555,3,2,1.6,3555000
PPO,3556,3,7,0.6,3556000
PPO,3557,2,0,1,3557000
PPO,3558,3,0,2,3558000
PPO,3559,9,2,7.6,3559000
PPO,3560,3,0,2,3560000
PPO,3561,4,0,3,3561000
PPO,3562,3,4,1.2,3562000
PPO,3563,6,2,4.6,3563000
PPO,3564,3,6,0.8,3564000
PPO,3565,6,6,3.8,3565000
PPO,3566,9,2,7.6,3566000
PPO,3567,3,7,0.6,3567000
PPO,3568,3,0,2,3568000
PPO,3569,9,2,7.6,3569000
PPO,3570,4,0,3,3570000
PPO,3571,2,0,1,3571000
PPO,3572,6,1,4.8,3572000
PPO,3573,9,0,8,3573000
PPO,3574,9,2,7.6,3574000
PPO,3575,5,5,3,3575000
PPO,3576,7,2,5.6,3576000
PPO,3577,3,5,1,3577000
PPO,3578,3,5,1,3578000
PPO,3579,3,0,2,3579000
PPO,3580,9,1,7.8,3580000
PPO,3581,2,2,0.6,3581000
PPO,3582,8,0,7,3582000
PPO,3583,4,8,1.4,3583000
PPO,3584,3,3,1.4,3584000
PPO,3585,8,0,7,3585000
PPO,3586,5,4,3.2,3586000
PPO,3587,4,0,3,3587000
PPO,3588,9,2,7.6,3588000
PPO,3589,8,0,7,3589000
PPO,3590,7,0,6,3590000
PPO,3591,8,0,7,3591000
PPO,3592,7,0,6,3592000
PPO,3593,9,2,7.6,3593000
PPO,3594,8,0,7,3594000
PPO,3595,9,2,7.6,3595000
PPO,3596,2,0,1,3596000
PPO,3597,8,5,6,3597000
PPO,3598,4,0,3,3598000
PPO,3599,8,0,7,3599000
PPO,3600,3,4,1.2,3600000
PPO,3601,8,3,6.4,3601000
PPO,3602,4,9,1.2,3602000
PPO,3603,3,4,1.2,3603000
PPO,3604,8,13,4.4,3604000
PPO,3605,7,4,5.2,3605000
PPO,3606,2,0,1,3606000
PPO,3607,7,0,6,3607000
PPO,3608,4,5,2,3608000
PPO,3609,2,0,1,3609000
PPO,3610,3,0,2,3610000
PPO,3611,7,0,6,3611000
PPO,3612,3,0,2,3612000
PPO,3613,8,4,6.2,3613000
PPO,3614,5,6,2.8,3614000
PPO,3615,9,0,8,3615000
PPO,3616,5,0,4,3616000
PPO,3617,4,2,2.6,3617000
PPO,3618,3,5,1,3618000
PPO,3619,4,7,1.6,3619000
PPO,3620,6,0,5,3620000
PPO,3621,8,0,7,3621000
PPO,3622,4,2,2.6,3622000
PPO,3623,8,0,7,3623000
PPO,3624,8,0,7,3624000
PPO,3625,4,3,2.4,3625000
PPO,3626,3,5,1,3626000
PPO,3627,5,0,4,3627000
PPO,3628,7,0,6,3628000
PPO,3629,8,0,7,3629000
PPO,3630,7,2,5.6,3630000
PPO,3631,3,3,1.4,3631000
PPO,3632,7,0,6,3632000
PPO,3633,3,2,1.6,3633000
PPO,3634,8,4,6.2,3634000
PPO,3635,3,0,2,3635000
PPO,3636,8,0,7,3636000
PPO,3637,5,2,3.6,3637000
PPO,3638,5,6,2.8,3638000
PPO,3639,4,0,3,3639000
PPO,3640,6,2,4.6,3640000
PPO,3641,4,1,2.8,3641000
PPO,3642,6,0,5,3642000
PPO,3643,3,4,1.2,3643000
PPO,3644,3,0,2,3644000
PPO,3645,3,0,2,3645000
PPO,3646,9,0,8,3646000
PPO,3647,3,3,1.4,3647000
PPO,3648,4,0,3,3648000
PPO,3649,4,2,2.6,3649000
PPO,3650,2,0,1,3650000
PPO,3651,3,2,1.6,3651000
PPO,3652,3,0,2,3652000
PPO,3653,2,0,1,3653000
PPO,3654,8,0,7,3654000
PPO,3655,4,0,3,3655000
PPO,3656,7,0,6,3656000
PPO,3657,6,0,5,3657000
PPO,3658,6,6,3.8,3658000
PPO,3659,6,0,5,3659000
PPO,3660,6,0,5,3660000
PPO,3661,9,0,8,3661000
PPO,3662,6,2,4.6,3662000
PPO,3663,4,2,2.6,3663000
PPO,3664,6,2,4.6,3664000
PPO,3665,5,2,3.6,3665000
PPO,3666,8,0,7,3666000
PPO,3667,8,0,7,3667000
PPO,3668,8,0,7,3668000
PPO,3669,4,0,3,3669000
PPO,3670,7,1,5.8,3670000
PPO,3671,3,0,2,3671000
PPO,3672,3,0,2,3672000
PPO,3673,3,2,1.6,3673000
PPO,3674,8,0,7,3674000
PPO,3675,3,0,2,3675000
PPO,3676,5,0,4,3676000
PPO,3677,3,0,2,3677000
PPO,3678,6,0,5,3678000
PPO,3679,3,6,0.8,3679000
PPO,3680,4,0,3,3680000
PPO,3681,2,0,1,3681000
PPO,3682,4,4,2.2,3682000
PPO,3683,2,0,1,3683000
PPO,3684,8,0,7,3684000
PPO,3685,8,0,7,3685000
PPO,3686,3,6,0.8,3686000
PPO,3687,8,0,7,3687000
PPO,3688,8,2,6.6,3688000
PPO,3689,0,1,-1.2,3689000
PPO,3690,2,6,-0.2,3690000
PPO,3691,6,0,5,3691000
PPO,3692,6,0,5,3692000
PPO,3693,8,0,7,3693000
PPO,3694,8,0,7,3694000
PPO,3695,8,0,7,3695000
PPO,3696,8,0,7,3696000
PPO,3697,8,0,7,3697000
PPO,3698,5,0,4,3698000
PPO,3699,3,3,1.4,3699000
PPO,3700,8,0,7,3700000
PPO,3701,2,0,1,3701000
PPO,3702,8,0,7,3702000
PPO,3703,9,2,7.6,3703000
PPO,3704,4,0,3,3704000
PPO,3705,5,2,3.6,3705000
PPO,3706,6,0,5,3706000
PPO,3707,3,0,2,3707000
PPO,3708,2,0,1,3708000
PPO,3709,7,0,6,3709000
PPO,3710,6,1,4.8,3710000
PPO,3711,9,4,7.2,3711000
PPO,3712,5,2,3.6,3712000
PPO,3713,3,7,0.6,3713000
PPO,3714,5,0,4,3714000
PPO,3715,3,1,1.8,3715000
PPO,3716,3,2,1.6,3716000
PPO,3717,7,2,5.6,3717000
PPO,3718,2,0,1,3718000
PPO,3719,6,0,5,3719000
PPO,3720,2,0,1,3720000
PPO,3721,6,2,4.6,3721000
PPO,3722,9,0,8,3722000
PPO,3723,8,3,6.4,3723000
PPO,3724,5,0,4,3724000
PPO,3725,8,2,6.6,3725000
PPO,3726,9,0,8,3726000
PPO,3727,3,0,2,3727000
PPO,3728,8,6,5.8,3728000
PPO,3729,3,2,1.6,3729000
PPO,3730,6,0,5,3730000
PPO,3731,8,0,7,3731000
PPO,3732,9,0,8,3732000
PPO,3733,7,3,5.4,3733000
PPO,3734,6,2,4.6,3734000
PPO,3735,3,0,2,3735000
PPO,3736,8,0,7,3736000
PPO,3737,4,0,3,3737000
PPO,3738,8,0,7,3738000
PPO,3739,7,0,6,3739000
PPO,3740,8,0,7,3740000
PPO,3741,5,2,3.6,3741000
PPO,3742,8,0,7,3742000
PPO,3743,4,3,2.4,3743000
PPO,3744,3,2,1.6,3744000
PPO,3745,8,0,7,3745000
PPO,3746,8,2,6.6,3746000
PPO,3747,3,0,2,3747000
PPO,3748,3,4,1.2,3748000
PPO,3749,3,3,1.4,3749000
PPO,3750,7,0,6,3750000
PPO,3751,6,5,4,3751000
PPO,3752,7,0,6,3752000
PPO,3753,2,0,1,3753000
PPO,3754,2,0,1,3754000
PPO,3755,3,0,2,3755000
PPO,3756,3,5,1,3756000
PPO,3757,8,0,7,3757000
PPO,3758,3,0,2,3758000
PPO,3759,4,0,3,3759000
PPO,3760,8,2,6.6,3760000
PPO,3761,3,0,2,3761000
PPO,3762,8,1,6.8,3762000
PPO,3763,3,2,1.6,3763000
PPO,3764,3,2,1.6,3764000
PPO,3765,6,0,5,3765000
PPO,3766,5,0,4,3766000
PPO,3767,4,2,2.6,3767000
PPO,3768,9,0,8,3768000
PPO,3769,8,2,6.6,3769000
PPO,3770,8,2,6.6,3770000
PPO,3771,3,9,0.2,3771000
PPO,3772,3,4,1.2,3772000
PPO,3773,3,3,1.4,3773000
PPO,3774,3,4,1.2,3774000
PPO,3775,8,0,7,3775000
PPO,3776,6,0,5,3776000
PPO,3777,6,0,5,3777000
PPO,3778,8,3,6.4,3778000
PPO,3779,2,0,1,3779000
PPO,3780,8,2,6.6,3780000
PPO,3781,3,1,1.8,3781000
PPO,3782,4,3,2.4,3782000
PPO,3783,4,0,3,3783000
PPO,3784,4,2,2.6,3784000
PPO,3785,2,0,1,3785000
PPO,3786,4,0,3,3786000
PPO,3787,3,7,0.6,3787000
PPO,3788,3,2,1.6,3788000
PPO,3789,8,0,7,3789000
PPO,3790,6,0,5,3790000
PPO,3791,4,3,2.4,3791000
PPO,3792,8,2,6.6,3792000
PPO,3793,8,0,7,3793000
PPO,3794,3,5,1,3794000
PPO,3795,3,0,2,3795000
PPO,3796,9,2,7.6,3796000
PPO,3797,8,7,5.6,3797000
PPO,3798,4,0,3,3798000
PPO,3799,3,5,1,3799000
PPO,3800,3,0,2,3800000
PPO,3801,3,0,2,3801000
PPO,3802,7,2,5.6,3802000
PPO,3803,3,6,0.8,3803000
PPO,3804,9,3,7.4,3804000
PPO,3805,6,0,5,3805000
PPO,3806,2,0,1,3806000
PPO,3807,3,0,2,3807000
PPO,3808,3,0,2,3808000
PPO,3809,4,4,2.2,3809000
PPO,3810,9,2,7.6,3810000
PPO,3811,5,0,4,3811000
PPO,3812,3,1,1.8,3812000
PPO,3813,3,2,1.6,3813000
PPO,3814,8,0,7,3814000
PPO,3815,2,0,1,3815000
PPO,3816,3,0,2,3816000
PPO,3817,9,3,7.4,3817000
PPO,3818,2,2,0.6,3818000
PPO,3819,3,0,2,3819000
PPO,3820,3,6,0.8,3820000
PPO,3821,8,0,7,3821000
PPO,3822,3,0,2,3822000
PPO,3823,4,2,2.6,3823000
PPO,3824,7,0,6,3824000
PPO,3825,9,0,8,3825000
PPO,3826,9,0,8,3826000
PPO,3827,3,9,0.2,3827000
PPO,3828,5,2,3.6,3828000
PPO,3829,3,0,2,3829000
PPO,3830,3,0,2,3830000
PPO,3831,5,4,3.2,3831000
PPO,3832,8,2,6.6,3832000
PPO,3833,3,0,2,3833000
PPO,3834,6,0,5,3834000
PPO,3835,8,2,6.6,3835000
PPO,3836,8,1,6.8,3836000
PPO,3837,9,0,8,3837000
PPO,3838,6,0,5,3838000
PPO,3839,2,12,-1.4,3839000
PPO,3840,7,1,5.8,3840000
PPO,3841,3,2,1.6,3841000
PPO,3842,6,2,4.6,3842000
PPO,3843,8,0,7,3843000
PPO,3844,5,0,4,3844000
PPO,3845,4,2,2.6,3845000
PPO,3846,9,0,8,3846000
PPO,3847,3,0,2,3847000
PPO,3848,6,0,5,3848000
PPO,3849,3,0,2,3849000
PPO,3850,8,3,6.4,3850000
PPO,3851,9,0,8,3851000
PPO,3852,3,2,1.6,3852000
PPO,3853,2,0,1,3853000
PPO,3854,8,0,7,3854000
PPO,3855,4,0,3,3855000
PPO,3856,9,4,7.2,3856000
PPO,3857,3,0,2,3857000
PPO,3858,4,5,2,3858000
PPO,3859,9,0,8,3859000
PPO,3860,9,2,7.6,3860000
PPO,3861,9,2,7.6,3861000
PPO,3862,9,0,8,3862000
PPO,3863,5,7,2.6,3863000
PPO,3864,9,5,7,3864000
PPO,3865,5,5,3,3865000
PPO,3866,3,5,1,3866000
PPO,3867,4,2,2.6,3867000
PPO,3868,4,0,3,3868000
PPO,3869,5,2,3.6,3869000
PPO,3870,3,0,2,3870000
PPO,3871,8,0,7,3871000
PPO,3872,3,2,1.6,3872000
PPO,3873,2,0,1,3873000
PPO,3874,3,0,2,3874000
PPO,3875,3,6,0.8,3875000
PPO,3876,7,3,5.4,3876000
PPO,3877,6,4,4.2,3877000
PPO,3878,3,0,2,3878000
PPO,3879,3,0,2,3879000
PPO,3880,6,2,4.6,3880000
PPO,3881,3,0,2,3881000
PPO,3882,2,0,1,3882000
PPO,3883,3,8,0.4,3883000
PPO,3884,3,8,0.4,3884000
PPO,3885,2,0,1,3885000
PPO,3886,8,2,6.6,3886000
PPO,3887,5,2,3.6,3887000
PPO,3888,9,0,8,3888000
PPO,3889,4,1,2.8,3889000
PPO,3890,9,2,7.6,3890000
PPO,3891,3,6,0.8,3891000
PPO,3892,9,4,7.2,3892000
PPO,3893,4,0,3,3893000
PPO,3894,3,3,1.4,3894000
PPO,3895,8,0,7,3895000
PPO,3896,3,2,1.6,3896000
PPO,3897,8,0,7,3897000
PPO,3898,3,2,1.6,3898000
PPO,3899,4,0,3,3899000
PPO,3900,7,10,4,3900000
PPO,3901,6,6,3.8,3901000
PPO,3902,9,0,8,3902000
PPO,3903,4,2,2.6,3903000
PPO,3904,4,0,3,3904000
PPO,3905,5,6,2.8,3905000
PPO,3906,9,0,8,3906000
PPO,3907,9,0,8,3907000
PPO,3908,8,0,7,3908000
PPO,3909,7,0,6,3909000
PPO,3910,6,2,4.6,3910000
PPO,3911,3,9,0.2,3911000
PPO,3912,9,2,7.6,3912000
PPO,3913,9,6,6.8,3913000
PPO,3914,9,4,7.2,3914000
PPO,3915,9,0,8,3915000
PPO,3916,8,0,7,3916000
PPO,3917,3,0,2,3917000
PPO,3918,4,0,3,3918000
PPO,3919,2,0,1,3919000
PPO,3920,9,0,8,3920000
PPO,3921,3,0,2,3921000
PPO,3922,4,0,3,3922000
PPO,3923,7,2,5.6,3923000
PPO,3924,4,0,3,3924000
PPO,3925,3,6,0.8,3925000
PPO,3926,8,0,7,3926000
PPO,3927,8,0,7,3927000
PPO,3928,5,0,4,3928000
PPO,3929,3,4,1.2,3929000
PPO,3930,7,0,6,3930000
PPO,3931,3,2,1.6,3931000
PPO,3932,4,0,3,3932000
PPO,3933,7,1,5.8,3933000
PPO,3934,8,0,7,3934000
PPO,3935,9,0,8,3935000
PPO,3936,6,2,4.6,3936000
PPO,3937,3,0,2,3937000
PPO,3938,8,6,5.8,3938000
PPO,3939,6,0,5,3939000
PPO,3940,6,0,5,3940000
PPO,3941,9,2,7.6,3941000
PPO,3942,7,0,6,3942000
PPO,3943,8,4,6.2,3943000
PPO,3944,2,0,1,3944000
PPO,3945,4,4,2.2,3945000
PPO,3946,2,7,-0.4,3946000
PPO,3947,5,0,4,3947000
PPO,3948,4,6,1.8,3948000
PPO,3949,9,2,7.6,3949000
PPO,3950,9,0,8,3950000
PPO,3951,6,2,4.6,3951000
PPO,3952,9,3,7.4,3952000
PPO,3953,9,4,7.2,3953000
PPO,3954,8,0,7,3954000
PPO,3955,5,1,3.8,3955000
PPO,3956,8,0,7,3956000
PPO,3957,9,0,8,3957000
PPO,3958,9,0,8,3958000
PPO,3959,7,0,6,3959000
PPO,3960,6,0,5,3960000
PPO,3961,2,0,1,3961000
PPO,3962,9,4,7.2,3962000
PPO,3963,7,0,6,3963000
PPO,3964,3,2,1.6,3964000
PPO,3965,8,0,7,3965000
PPO,3966,9,5,7,3966000
PPO,3967,3,0,2,3967000
PPO,3968,4,2,2.6,3968000
PPO,3969,4,0,3,3969000
PPO,3970,9,5,7,3970000
PPO,3971,9,4,7.2,3971000
PPO,3972,4,6,1.8,3972000
PPO,3973,3,0,2,3973000
PPO,3974,8,2,6.6,3974000
PPO,3975,4,0,3,3975000
PPO,3976,9,2,7.6,3976000
PPO,3977,9,0,8,3977000
PPO,3978,8,0,7,3978000
PPO,3979,4,0,3,3979000
PPO,3980,6,4,4.2,3980000
PPO,3981,3,2,1.6,3981000
PPO,3982,7,0,6,3982000
PPO,3983,8,0,7,3983000
PPO,3984,4,0,3,3984000
PPO,3985,5,0,4,3985000
PPO,3986,5,0,4,3986000
PPO,3987,5,3,3.4,3987000
PPO,3988,8,0,7,3988000
PPO,3989,4,3,2.4,3989000
PPO,3990,6,0,5,3990000
PPO,3991,8,2,6.6,3991000
PPO,3992,8,0,7,3992000
PPO,3993,3,0,2,3993000
PPO,3994,6,0,5,3994000
PPO,3995,5,0,4,3995000
PPO,3996,4,3,2.4,3996000
PPO,3997,3,4,1.2,3997000
PPO,3998,4,0,3,3998000
PPO,3999,9,2,7.6,3999000
PPO,4000,9,0,8,4000000
PPO,4001,9,0,8,4001000
PPO,4002,6,0,5,4002000
PPO,4003,9,2,7.6,4003000
PPO,4004,3,2,1.6,4004000
PPO,4005,9,0,8,4005000
PPO,4006,5,4,3.2,4006000
PPO,4007,4,0,3,4007000
PPO,4008,4,4,2.2,4008000
PPO,4009,3,0,2,4009000
PPO,4010,4,3,2.4,4010000
PPO,4011,3,2,1.6,4011000
PPO,4012,1,0,0,4012000
PPO,4013,9,0,8,4013000
PPO,4014,8,0,7,4014000
PPO,4015,0,1,-1.2,4015000
PPO,4016,3,0,2,4016000
PPO,4017,6,0,5,4017000
PPO,4018,5,0,4,4018000
PPO,4019,3,0,2,4019000
PPO,4020,3,0,2,4020000
PPO,4021,2,0,1,4021000
PPO,4022,5,4,3.2,4022000
PPO,4023,7,2,5.6,4023000
PPO,4024,3,5,1,4024000
PPO,4025,7,0,6,4025000
PPO,4026,7,0,6,4026000
PPO,4027,3,0,2,4027000
PPO,4028,4,0,3,4028000
PPO,4029,3,0,2,4029000
PPO,4030,3,0,2,4030000
PPO,4031,8,8,5.4,4031000
PPO,4032,3,0,2,4032000
PPO,4033,7,0,6,4033000
PPO,4034,8,0,7,4034000
PPO,4035,7,4,5.2,4035000
PPO,4036,8,0,7,4036000
PPO,4037,4,2,2.6,4037000
PPO,4038,4,4,2.2,4038000
PPO,4039,6,0,5,4039000
PPO,4040,8,0,7,4040000
PPO,4041,5,4,3.2,4041000
PPO,4042,5,0,4,4042000
